description,images,purchaseLink,aesthetic,seasonalColors,occasions,kibbeTypes,upvotes,downvotes,ownerId
Etta Iris Silk Blend Maxi Dress,https://images.allsaints.com/products/600/WD087X/5061/WD087X-5061-1.jpg,https://www.us.allsaints.com/women/dresses/allsaints-etta-iris-dress/?colour=5061&category=692,Goth / Grunge / Punk,"Dark Winter, Bright Winter","Casual, Clubbing",Flamboyant Natural,19,0,fdBlGgV0g0ZKxNG9AwglS7m0zvM2
Balfern Gold Leather Biker Jacket,https://images.allsaints.com/products/600/WL154W/5108/WL154W-5108-1.jpg,https://www.us.allsaints.com/women/leather/allsaints-balfern-biker-wl154w/?colour=5108&category=692,Goth / Grunge / Punk,"Dark Winter, Bright Winter","Casual, Clubbing",Flamboyant Natural,7,0,fdBlGgV0g0ZKxNG9AwglS7m0zvM2
Sara Lace Maxi Dress,https://images.allsaints.com/products/600/WD045X/7950/WD045X-7950-1.jpg,https://www.us.allsaints.com/women/dresses/allsaints-sara-dress/?colour=7950&category=692,Goth / Grunge / Punk,"Dark Winter, Bright Winter","Casual, Clubbing",Flamboyant Natural,8,0,fdBlGgV0g0ZKxNG9AwglS7m0zvM2
Frankie 3-In-1 Leather Crossbody Bag,https://images.allsaints.com/products/600/WB510X/5/WB510X-5-1.jpg,https://www.us.allsaints.com/women/handbags/allsaints-frankie-crossbody/?colour=5&category=692,Goth / Grunge / Punk,"Dark Winter, Bright Winter","Casual, Date",Flamboyant Natural,3,0,fdBlGgV0g0ZKxNG9AwglS7m0zvM2
Toni Iris Silk Blend Shirt,https://images.allsaints.com/products/1600/WH013X/5061/WH013X-5061-1.jpg,https://www.us.allsaints.com/women/tops-and-shirts/allsaints-toni-iris-shirt/?colour=5061&category=692,Artsy,"Dark Winter, Dark Autumn","Casual, Date",Flamboyant Natural,25,0,fdBlGgV0g0ZKxNG9AwglS7m0zvM2
Uptown Stripe Pullover,https://images.urbndata.com/is/image/FreePeople/61533188_001_g?$cat-tile-preset$,https://www.freepeople.com/shop/uptown-stripe-pullover/?category=womens-clothes&color=001,Indie,"True Autumn, Soft Autumn","Festival, Lounge",Flamboyant Natural,21,0,fdBlGgV0g0ZKxNG9AwglS7m0zvM2
Swim Too Deep Cardi,https://images.urbndata.com/is/image/FreePeople/63560858_001_d?$cat-tile-preset$,https://www.freepeople.com/shop/swim-too-deep-cardi/?category=womens-clothes&color=001,Indie,"Dark Winter, Dark Autumn","Festival, Lounge",Flamboyant Natural,43,0,fdBlGgV0g0ZKxNG9AwglS7m0zvM2
Quinn Pants,https://images.urbndata.com/is/image/FreePeople/61604419_020_a?$cat-tile-preset$,https://www.freepeople.com/shop/quinn-pants2/?category=womens-clothes&color=020,Artsy,"Dark Autumn, Soft Autumn","Festival, Lounge",Soft Natural,15,0,fdBlGgV0g0ZKxNG9AwglS7m0zvM2
Seamless Turtleneck Bodysuit,https://images.urbndata.com/is/image/FreePeople/43606060_005_a?$cat-tile-preset$,https://www.freepeople.com/shop/seamless-turtleneck-bodysuit/?category=womens-clothes&color=005,Academia / Preppy,"Dark Winter, Dark Autumn","Clubbing, Smart Casual",Soft Natural,47,0,fdBlGgV0g0ZKxNG9AwglS7m0zvM2
CRVY Selena Slim Leg One-Piece,https://images.urbndata.com/is/image/FreePeople/78014891_001_a?$cat-tile-preset$,,Insta Baddie / Y2K,"Dark Winter, True Winter","Clubbing, Smart Casual",Soft Natural,1,0,fdBlGgV0g0ZKxNG9AwglS7m0zvM2
CRVY 2nd Ave Printed One Piece,https://images.urbndata.com/is/image/FreePeople/67149179_038_a?$cat-tile-preset$,https://www.freepeople.com/shop/crvy-2nd-ave-printed-one-piece/?category=womens-clothes&color=038,Indie,"Dark Winter, Dark Autumn","Festival, Date",Soft Natural,5,0,fdBlGgV0g0ZKxNG9AwglS7m0zvM2
Martha Lace Jeans,https://images.urbndata.com/is/image/FreePeople/66970971_047_a?$cat-tile-preset$,https://www.freepeople.com/shop/martha-lace-jeans/?category=womens-clothes&color=047,Indie,"Dark Autumn, Soft Autumn","Festival, Clubbing",Soft Natural,20,0,fdBlGgV0g0ZKxNG9AwglS7m0zvM2
FULL TILT Dancing Skeletons Womens Crewneck Sweatshirt,https://cdn-fsly.yottaa.net/57f4626c312e584b1a000020/www.tillys.com/v~4b.1fa.0.0/on/demandware.static/-/Sites-master-catalog/default/dw03c0394b/tillys/images/catalog/1000x1000/451241100.jpg?yocs=y_l_x_,https://www.tillys.com/product/full-tilt-dancing-skeletons-womens-crewneck-sweatshirt-/451241100.html?dwvar_451241100_color=100&cgid=womens,E-person,"Dark Winter, True Winter","Casual, Festival",Flamboyant Natural,31,0,fdBlGgV0g0ZKxNG9AwglS7m0zvM2
FULL TILT Western Motiff Womens Oversized Tee,https://cdn-fsly.yottaa.net/57f4626c312e584b1a000020/www.tillys.com/v~4b.1fa.0.0/on/demandware.static/-/Sites-master-catalog/default/dw8bdfef4e/tillys/images/catalog/1000x1000/452882412.jpg?yocs=y_l_x_,https://www.tillys.com/product/full-tilt-western-motiff-womens-oversized-tee/452882412.html?dwvar_452882412_color=412&cgid=womens,Indie,"Soft Autumn, Dark Autumn","Casual, Festival",Flamboyant Natural,30,0,fdBlGgV0g0ZKxNG9AwglS7m0zvM2
FULL TILT Nashville Tennesee Womens Oversized Tee,https://cdn-fsly.yottaa.net/57f4626c312e584b1a000020/www.tillys.com/v~4b.1fa.0.0/on/demandware.static/-/Sites-master-catalog/default/dwe2269456/tillys/images/catalog/1000x1000/447779100.jpg?yocs=y_l_x_,https://www.tillys.com/product/full-tilt-nashville-tennesee-womens-oversized-tee/447779100.html?dwvar_447779100_color=100&cgid=womens,Indie,"Soft Summer, True Summer","Casual, Festival",Flamboyant Natural,32,0,fdBlGgV0g0ZKxNG9AwglS7m0zvM2
FULL TILT Happy Smiley Womens Hoodie,https://www.tillys.com/on/demandware.static/-/Sites-master-catalog/default/dw5f2aa267/tillys/images/catalog/1000x1000/445992600.jpg,https://www.tillys.com/product/full-tilt-happy-smiley-womens-hoodie/445992600.html?dwvar_445992600_color=600&cgid=womens,Indie,"Light Spring, True Spring","Casual, Festival",Flamboyant Natural,45,0,fdBlGgV0g0ZKxNG9AwglS7m0zvM2
SKY & SPARROW Womens Rib Notch Cut Tank Top,https://www.tillys.com/on/demandware.static/-/Sites-master-catalog/default/dwad81052c/tillys/images/catalog/1000x1000/443129100.jpg,https://www.tillys.com/product/sky-sparrow-womens-rib-notch-cut-tank-top-/443129100.html?dwvar_443129100_color=100&cgid=womens,Insta Baddie / Y2K,"Dark Winter, True Winter","Casual, Clubbing",Flamboyant Natural,49,0,fdBlGgV0g0ZKxNG9AwglS7m0zvM2
BODY GLOVE Womens Cargo Pants,https://www.tillys.com/on/demandware.static/-/Sites-master-catalog/default/dw4e29ed18/tillys/images/catalog/1000x1000/431612210.jpg,https://www.tillys.com/product/body-glove-womens-cargo-pants-/431612210.html?dwvar_431612210_color=210&cgid=womens,Insta Baddie / Y2K,"True Autumn, Dark Autumn","Casual, Festival",Flamboyant Natural,9,0,fdBlGgV0g0ZKxNG9AwglS7m0zvM2
RSQ Womens Raw Edge Corduroy Shacket,https://www.tillys.com/on/demandware.static/-/Sites-master-catalog/default/dw8a7bf469/tillys/images/catalog/1000x1000/438124151.jpg,https://www.tillys.com/product/rsq-womens-raw-edge-corduroy-shacket-/438124151.html?dwvar_438124151_color=151&cgid=womens,Academia / Preppy,"Bright Spring, True Spring","Casual, Festival",Flamboyant Natural,42,0,fdBlGgV0g0ZKxNG9AwglS7m0zvM2
RSQ High Rise Straight Leg Womens Jeans,https://www.tillys.com/on/demandware.static/-/Sites-master-catalog/default/dwfe14cc27/tillys/images/catalog/1000x1000/416794825.jpg,https://www.tillys.com/product/rsq-high-rise-straight-leg-womens-jeans/416794825.html?dwvar_416794825_color=825&cgid=womens,Goth / Grunge / Punk,"Bright Winter, True Winter","Casual, Festival",Flamboyant Natural,35,0,fdBlGgV0g0ZKxNG9AwglS7m0zvM2
FULL TILT Joshua Desert Womens Oversized Tee,https://www.tillys.com/on/demandware.static/-/Sites-master-catalog/default/dwed58ca7c/tillys/images/catalog/1000x1000/447789115.jpg,https://www.tillys.com/product/full-tilt-joshua-desert-womens-oversized-tee/447789115.html?dwvar_447789115_color=115&cgid=womens,Indie,"True Summer, Soft Summer","Casual, Festival",Flamboyant Natural,1,0,fdBlGgV0g0ZKxNG9AwglS7m0zvM2
By Anthropologie Cable-Knit Sweater Vest,https://images.urbndata.com/is/image/Anthropologie/4114936640003_030_b?$an-category$&qlt=80&fit=constrain,https://www.anthropologie.com/shop/by-anthropologie-cable-knit-sweater-vest?category=clothes&color=030&type=STANDARD,Artsy,"Dark Winter, True Winter","Smart Casual, Holiday",Flamboyant Natural,34,0,fdBlGgV0g0ZKxNG9AwglS7m0zvM2
Maeve Printed Mini Skirt,https://images.urbndata.com/is/image/Anthropologie/4120348690081_049_b?$an-category$&qlt=80&fit=constrain,https://www.anthropologie.com/shop/maeve-printed-mini-skirt?category=clothes&color=049&type=STANDARD,Artsy,"Dark Winter, Bright Winter","Smart Casual, Office",Flamboyant Natural,49,0,fdBlGgV0g0ZKxNG9AwglS7m0zvM2
Maeve Asymmetrical Turtleneck,https://images.urbndata.com/is/image/Anthropologie/4112920170050_001_b?$an-category$&qlt=80&fit=constrain,https://www.anthropologie.com/shop/maeve-asymmetrical-turtleneck?category=clothes&color=001&type=STANDARD,Academia / Preppy,"Dark Winter, True Winter","Casual, Smart Casual",Flamboyant Natural,17,0,fdBlGgV0g0ZKxNG9AwglS7m0zvM2
Maeve Brocade Coat,https://images.urbndata.com/is/image/Anthropologie/4133668980006_040_b?$an-category$&qlt=80&fit=constrain,https://www.anthropologie.com/shop/maeve-brocade-coat?category=clothes&color=040&type=STANDARD,Artsy,"Dark Winter, Bright Winter","Smart Casual, Holiday",Flamboyant Natural,21,0,fdBlGgV0g0ZKxNG9AwglS7m0zvM2
Holland Viscose Pant,"https://amour-vert.imgix.net/products/10035R1_Holland_Navy_Stripe_1.jpg?&auto=format,compress&w=350",https://amourvert.com/products/holland-viscose-navy-stripe?variant=41781761802431,Norm-core,"True Winter, Dark Winter","Smart Casual, Date",Flamboyant Natural,37,0,fdBlGgV0g0ZKxNG9AwglS7m0zvM2
Suzanna Dream Knit Top,"https://amour-vert.imgix.net/products/0798_Suzanna_White_1.jpg?&auto=format,compress&w=350",https://amourvert.com/products/suzanna-dream-knit-top-white?variant=41555525664959,Norm-core,"True Winter, Bright Winter","Smart Casual, Date",Flamboyant Natural,32,0,fdBlGgV0g0ZKxNG9AwglS7m0zvM2
Puff Sleeve Portofino Thong Bodysuit,"https://images.express.com/is/image/expressfashion/0097_09709335_0001?cache=on&wid=361&fmt=jpeg&qlt=75,1&resmode=sharp2&op_usm=1,1,5,0&defaultImage=Photo-Coming-Soon",https://www.express.com/clothing/women/puff-sleeve-portofino-thong-bodysuit/pro/09709335//color/White,Norm-core,"Dark Winter, Bright Winter","Smart Casual, Office",Dramatic Classic,18,0,fdBlGgV0g0ZKxNG9AwglS7m0zvM2
Tie Front Banded Bottom Portofino Shirt,"https://images.express.com/is/image/expressfashion/0097_09709194_0001?cache=on&wid=361&fmt=jpeg&qlt=75,1&resmode=sharp2&op_usm=1,1,5,0&defaultImage=Photo-Coming-Soon",https://www.express.com/clothing/women/tie-front-banded-bottom-portofino-shirt/pro/09709194//color/White,Norm-core,"Dark Winter, Bright Winter","Smart Casual, Office",Dramatic Classic,37,0,fdBlGgV0g0ZKxNG9AwglS7m0zvM2
Black & White Tweed Cropped Shacket,"https://images.express.com/is/image/expressfashion/0097_09709181_0029?cache=on&wid=361&fmt=jpeg&qlt=75,1&resmode=sharp2&op_usm=1,1,5,0&defaultImage=Photo-Coming-Soon",https://www.express.com/clothing/women/black-%26-white-tweed-cropped-shacket/pro/09709181//color/White%20Print,Norm-core,"Dark Winter, Bright Winter","Smart Casual, Office",Dramatic Classic,20,0,fdBlGgV0g0ZKxNG9AwglS7m0zvM2
Striped Strong Shoulder Portofino Shirt,"https://images.express.com/is/image/expressfashion/0097_09709168_0036?cache=on&wid=361&fmt=jpeg&qlt=75,1&resmode=sharp2&op_usm=1,1,5,0&defaultImage=Photo-Coming-Soon",https://www.express.com/clothing/women/striped-strong-shoulder-portofino-shirt/pro/09709168//color/Green%20Stripe,Norm-core,"Dark Winter, Dark Autumn","Smart Casual, Office",Dramatic Classic,20,0,fdBlGgV0g0ZKxNG9AwglS7m0zvM2
Relaxed Crew Neck Tailored Tee,"https://images.express.com/is/image/expressfashion/0086_06340367_0121_f002?cache=on&wid=960&fmt=jpeg&qlt=85,1&resmode=sharp2&op_usm=1,1,5,0&defaultImage=Photo-Coming-Soon",https://www.express.com/clothing/women/relaxed-crew-neck-tailored-tee/pro/06340367//color/Swan,Insta Baddie / Y2K,"True Autumn, Soft Autumn","Smart Casual, Date",Dramatic Classic,17,0,fdBlGgV0g0ZKxNG9AwglS7m0zvM2
Fitted Double Layer V-Neck Tee,"https://images.express.com/is/image/expressfashion/0086_06340357_0058_f001?cache=on&wid=960&fmt=jpeg&qlt=85,1&resmode=sharp2&op_usm=1,1,5,0&defaultImage=Photo-Coming-Soon",https://www.express.com/clothing/women/fitted-double-layer-v-neck-tee/pro/06340357//color/Pitch%20Black,Insta Baddie / Y2K,"Dark Winter, Bright Winter","Smart Casual, Date",Dramatic Classic,43,0,fdBlGgV0g0ZKxNG9AwglS7m0zvM2
Editor Double Breasted Novelty Button Blazer,"https://images.express.com/is/image/expressfashion/0078_06746285_0058_37_fb?cache=on&wid=960&fmt=jpeg&qlt=85,1&resmode=sharp2&op_usm=1,1,5,0&defaultImage=Photo-Coming-Soon",https://www.express.com/clothing/women/editor-double-breasted-novelty-button-blazer/pro/06746285//color/Pitch%20Black,Norm-core,"Dark Winter, Bright Winter","Smart Casual, Office",Dramatic Classic,26,0,fdBlGgV0g0ZKxNG9AwglS7m0zvM2
Boyfriend Portofino Shirt,"https://images.express.com/is/image/expressfashion/0097_09718242_0001_f002?cache=on&wid=960&fmt=jpeg&qlt=85,1&resmode=sharp2&op_usm=1,1,5,0&defaultImage=Photo-Coming-Soon",https://www.express.com/clothing/women/boyfriend-portofino-shirt/pro/09718242//color/White,Norm-core,"Dark Winter, Bright Winter","Smart Casual, Office",Dramatic Classic,35,0,fdBlGgV0g0ZKxNG9AwglS7m0zvM2
Dark Wash Cropped Denim Trucker Jacket,"https://images.express.com/is/image/expressfashion/0078_69506839_0020_f100?cache=on&wid=960&fmt=jpeg&qlt=85,1&resmode=sharp2&op_usm=1,1,5,0&defaultImage=Photo-Coming-Soon",https://www.express.com/clothing/women/dark-wash-cropped-denim-trucker-jacket/pro/69506839//color/Dark%20Wash,Insta Baddie / Y2K,"Dark Winter, Bright Winter","Casual, Date",Dramatic Classic,2,0,fdBlGgV0g0ZKxNG9AwglS7m0zvM2
Gold Tweed Jacket,"https://images.express.com/is/image/expressfashion/0078_69506835_0431_c100?cache=on&wid=960&fmt=jpeg&qlt=85,1&resmode=sharp2&op_usm=1,1,5,0&defaultImage=Photo-Coming-Soon",https://www.express.com/clothing/women/gold-tweed-jacket/pro/69506835//color/Gold,Norm-core,"True Autumn, Dark Autumn","Smart Casual, Office",Dramatic Classic,29,0,fdBlGgV0g0ZKxNG9AwglS7m0zvM2
Peak Lapel Double Breasted Blazer,"https://images.express.com/is/image/expressfashion/0078_67416837_1869?cache=on&wid=361&fmt=jpeg&qlt=75,1&resmode=sharp2&op_usm=1,1,5,0&defaultImage=Photo-Coming-Soon",https://www.express.com/clothing/women/peak-lapel-double-breasted-blazer/pro/67416837//color/Ruby,Norm-core,"Dark Winter, Bright Winter","Smart Casual, Office",Dramatic Classic,18,0,fdBlGgV0g0ZKxNG9AwglS7m0zvM2
Peak Lapel Double Breasted Novelty Button Blazer,"https://images.express.com/is/image/expressfashion/0078_67416810_1628_f002?cache=on&wid=960&fmt=jpeg&qlt=85,1&resmode=sharp2&op_usm=1,1,5,0&defaultImage=Photo-Coming-Soon",https://www.express.com/clothing/women/peak-lapel-double-breasted-novelty-button-blazer/pro/67416810//color/olive%20green,Norm-core,"Soft Autumn, Dark Autumn","Smart Casual, Office",Dramatic Classic,10,0,fdBlGgV0g0ZKxNG9AwglS7m0zvM2
Ribbed Sweater Cami,"https://images.express.com/is/image/expressfashion/0096_08262886_2610?cache=on&wid=361&fmt=jpeg&qlt=75,1&resmode=sharp2&op_usm=1,1,5,0&defaultImage=Photo-Coming-Soon",https://www.express.com/clothing/women/ribbed-sweater-cami/pro/08262886//color/SANDSHELL,Insta Baddie / Y2K,"True Autumn, Dark Autumn","Smart Casual, Date",Dramatic Classic,17,0,fdBlGgV0g0ZKxNG9AwglS7m0zvM2
V-Neck Relaxed Dolman Sleeve Sweater,"https://images.express.com/is/image/expressfashion/0096_08260918_2846?cache=on&wid=361&fmt=jpeg&qlt=75,1&resmode=sharp2&op_usm=1,1,5,0&defaultImage=Photo-Coming-Soon",https://www.express.com/clothing/women/v-neck-relaxed-dolman-sleeve-sweater/pro/08260918//color/BUTTERSCOTCH,Insta Baddie / Y2K,"True Autumn, Dark Autumn","Smart Casual, Date",Dramatic Classic,13,0,fdBlGgV0g0ZKxNG9AwglS7m0zvM2
Ruched Lace V-Neck Jumpsuit,"https://images.express.com/is/image/expressfashion/0094_07927531_0058?cache=on&wid=361&fmt=jpeg&qlt=75,1&resmode=sharp2&op_usm=1,1,5,0&defaultImage=Photo-Coming-Soon",https://www.express.com/clothing/women/ruched-lace-v-neck-jumpsuit/pro/07927531//color/Pitch%20Black,Insta Baddie / Y2K,"Dark Winter, Bright Winter","Black Tie, Cocktail",Dramatic Classic,23,0,fdBlGgV0g0ZKxNG9AwglS7m0zvM2
Satin Faux Wrap Bodice Jumpsuit,"https://images.express.com/is/image/expressfashion/0094_07927521_0121?cache=on&wid=361&fmt=jpeg&qlt=75,1&resmode=sharp2&op_usm=1,1,5,0&defaultImage=Photo-Coming-Soon",https://www.express.com/clothing/women/satin-faux-wrap-bodice-jumpsuit/pro/07927521//color/Swan,Insta Baddie / Y2K,"True Spring, True Autumn","Black Tie, Cocktail",Dramatic Classic,1,0,fdBlGgV0g0ZKxNG9AwglS7m0zvM2
Cap Sleeve Faux Leather Jumpsuit,"https://images.express.com/is/image/expressfashion/0094_07927505_0058_f001?cache=on&wid=960&fmt=jpeg&qlt=85,1&resmode=sharp2&op_usm=1,1,5,0&defaultImage=Photo-Coming-Soon",https://www.express.com/clothing/women/cap-sleeve-faux-leather-jumpsuit/pro/07927505//color/Pitch%20Black,Goth / Grunge / Punk,"Dark Winter, Bright Winter","Black Tie, Clubbing",Soft Dramatic,4,0,fdBlGgV0g0ZKxNG9AwglS7m0zvM2
Satin Faux Wrap Bodice Jumpsuit,"https://images.express.com/is/image/expressfashion/0094_07927340_0058_f001?cache=on&wid=960&fmt=jpeg&qlt=85,1&resmode=sharp2&op_usm=1,1,5,0&defaultImage=Photo-Coming-Soon",https://www.express.com/clothing/women/satin-faux-wrap-bodice-jumpsuit/pro/07927340//color/Pitch%20Black,Insta Baddie / Y2K,"Dark Winter, Bright Winter","Black Tie, Cocktail",Soft Dramatic,5,0,fdBlGgV0g0ZKxNG9AwglS7m0zvM2
Square Neck V-Wire Knit Jumpsuit,"https://images.express.com/is/image/expressfashion/0094_07926882_0058_f001?cache=on&wid=960&fmt=jpeg&qlt=85,1&resmode=sharp2&op_usm=1,1,5,0&defaultImage=Photo-Coming-Soon",https://www.express.com/clothing/women/square-neck-v-wire-knit-jumpsuit/pro/07926882//color/Pitch%20Black,Insta Baddie / Y2K,"Dark Winter, Bright Winter","Black Tie, Cocktail",Soft Dramatic,45,0,fdBlGgV0g0ZKxNG9AwglS7m0zvM2
Printed V-Neck Strappy Tiered Ruffle Maxi Dress,"https://images.express.com/is/image/expressfashion/0094_07907477_0024_f001?cache=on&wid=960&fmt=jpeg&qlt=85,1&resmode=sharp2&op_usm=1,1,5,0&defaultImage=Photo-Coming-Soon",https://www.express.com/clothing/women/printed-v-neck-strappy-tiered-ruffle-maxi-dress/pro/07907477//color/Neutral%20Print,Insta Baddie / Y2K,"True Spring, True Autumn","Black Tie, Cocktail",Soft Dramatic,11,0,fdBlGgV0g0ZKxNG9AwglS7m0zvM2
Leopard Print Mock Neck Ruched Waist Tiered Mini Dress,"https://images.express.com/is/image/expressfashion/0094_07802629_0578_c100?cache=on&wid=960&fmt=jpeg&qlt=85,1&resmode=sharp2&op_usm=1,1,5,0&defaultImage=Photo-Coming-Soon",https://www.express.com/clothing/women/leopard-print-mock-neck-ruched-waist-tiered-mini-dress/pro/07802629//color/Leopard,Insta Baddie / Y2K,"True Autumn, Dark Autumn","Smart Casual, Clubbing",Dramatic Classic,34,0,fdBlGgV0g0ZKxNG9AwglS7m0zvM2
Printed V-Neck Smocked Waist Dress,"https://images.express.com/is/image/expressfashion/0094_07800096_0004_f002?cache=on&wid=960&fmt=jpeg&qlt=85,1&resmode=sharp2&op_usm=1,1,5,0&defaultImage=Photo-Coming-Soon",https://www.express.com/clothing/women/printed-v-neck-smocked-waist-dress/pro/07800096//color/Multi,Norm-core,"True Autumn, Dark Autumn","Smart Casual, Office",Dramatic Classic,7,0,fdBlGgV0g0ZKxNG9AwglS7m0zvM2
Super High Waisted Pinstripe Mini Skort,"https://images.express.com/is/image/expressfashion/0093_07660351_0011_41_fb?cache=on&wid=960&fmt=jpeg&qlt=85,1&resmode=sharp2&op_usm=1,1,5,0&defaultImage=Photo-Coming-Soon",https://www.express.com/clothing/women/super-high-waisted-pinstripe-mini-skort/pro/07660351//color/Black%20Print,Insta Baddie / Y2K,"Dark Winter, Bright Winter","Smart Casual, Clubbing",Dramatic Classic,15,0,fdBlGgV0g0ZKxNG9AwglS7m0zvM2
Body Contour Super High Waisted Midi Pencil Skirt,"https://images.express.com/is/image/expressfashion/0093_07660348_0058_f001?cache=on&wid=960&fmt=jpeg&qlt=85,1&resmode=sharp2&op_usm=1,1,5,0&defaultImage=Photo-Coming-Soon",https://www.express.com/clothing/women/body-contour-super-high-waisted-midi-pencil-skirt/pro/07660348//color/Pitch%20Black,Insta Baddie / Y2K,"Dark Winter, Bright Winter","Black Tie, Cocktail",Dramatic Classic,35,0,fdBlGgV0g0ZKxNG9AwglS7m0zvM2
Body Contour Floral Mesh Ruched Midi Skirt With Built-In Shapewear,"https://images.express.com/is/image/expressfashion/0093_07654273_0030_5_fb?cache=on&wid=960&fmt=jpeg&qlt=85,1&resmode=sharp2&op_usm=1,1,5,0&defaultImage=Photo-Coming-Soon",https://www.express.com/clothing/women/body-contour-floral-mesh-ruched-midi-skirt-with-built-in-shapewear/pro/07654273//color/Black%20Print,Insta Baddie / Y2K,"Dark Winter, Bright Winter","Black Tie, Clubbing",Dramatic Classic,33,0,fdBlGgV0g0ZKxNG9AwglS7m0zvM2
Faux Leather Comma Heel Booties,"https://images.express.com/is/image/expressfashion/0095_00416842_2835?cache=on&wid=361&fmt=jpeg&qlt=75,1&resmode=sharp2&op_usm=1,1,5,0&defaultImage=Photo-Coming-Soon",https://www.express.com/clothing/women/faux-leather-comma-heel-booties/pro/00416842//color/Dark%20Purple,Goth / Grunge / Punk,"Dark Winter, Bright Winter","Smart Casual, Clubbing",Dramatic Classic,42,0,fdBlGgV0g0ZKxNG9AwglS7m0zvM2
Faux Leather Block Heel Booties,"https://images.express.com/is/image/expressfashion/0095_00411234_0024?cache=on&wid=361&fmt=jpeg&qlt=75,1&resmode=sharp2&op_usm=1,1,5,0&defaultImage=Photo-Coming-Soon",https://www.express.com/clothing/women/faux-leather-block-heel-booties/pro/00411234//color/Neutral%20Print,Goth / Grunge / Punk,"True Autumn, Dark Autumn","Smart Casual, Clubbing",Dramatic Classic,21,0,fdBlGgV0g0ZKxNG9AwglS7m0zvM2
Lace Up Lug High Heel Boots,"https://images.express.com/is/image/expressfashion/0095_00410066_0058?cache=on&wid=361&fmt=jpeg&qlt=75,1&resmode=sharp2&op_usm=1,1,5,0&defaultImage=Photo-Coming-Soon",https://www.express.com/clothing/women/lace-up-lug-high-heel-boots/pro/00410066//color/Pitch%20Black,Insta Baddie / Y2K,"Dark Winter, Bright Winter","Smart Casual, Date",Dramatic Classic,33,0,fdBlGgV0g0ZKxNG9AwglS7m0zvM2
Suede Comma Heel Booties,"https://images.express.com/is/image/expressfashion/0095_00410007_0058?cache=on&wid=361&fmt=jpeg&qlt=75,1&resmode=sharp2&op_usm=1,1,5,0&defaultImage=Photo-Coming-Soon",https://www.express.com/clothing/women/suede-comma-heel-booties/pro/00410007//color/Pitch%20Black,Insta Baddie / Y2K,"Dark Winter, Bright Winter","Smart Casual, Date",Dramatic Classic,19,0,fdBlGgV0g0ZKxNG9AwglS7m0zvM2
Croc-Embossed Pumps,"https://images.express.com/is/image/expressfashion/0095_00319234_0098?cache=on&wid=361&fmt=jpeg&qlt=75,1&resmode=sharp2&op_usm=1,1,5,0&defaultImage=Photo-Coming-Soon",https://www.express.com/clothing/women/croc-embossed-pumps/pro/00319234//color/Black,Insta Baddie / Y2K,"Dark Winter, Bright Winter","Smart Casual, Date",Dramatic Classic,50,0,fdBlGgV0g0ZKxNG9AwglS7m0zvM2
Croc-Embossed Cutout Slingback Pumps,"https://images.express.com/is/image/expressfashion/0095_00318291_0552?cache=on&wid=361&fmt=jpeg&qlt=75,1&resmode=sharp2&op_usm=1,1,5,0&defaultImage=Photo-Coming-Soon",https://www.express.com/clothing/women/croc-embossed-cutout-slingback-pumps/pro/00318291//color/Pecan,Insta Baddie / Y2K,"True Autumn, Dark Autumn","Smart Casual, Date",Dramatic Classic,10,0,fdBlGgV0g0ZKxNG9AwglS7m0zvM2
Faux Suede Pumps,"https://images.express.com/is/image/expressfashion/0095_00318291_0552?cache=on&wid=361&fmt=jpeg&qlt=75,1&resmode=sharp2&op_usm=1,1,5,0&defaultImage=Photo-Coming-Soon",https://www.express.com/clothing/women/faux-suede-pumps/pro/00316862//color/BUTTERSCOTCH,Insta Baddie / Y2K,"True Autumn, Dark Autumn","Smart Casual, Date",Dramatic Classic,4,0,fdBlGgV0g0ZKxNG9AwglS7m0zvM2
Faux Suede Comma Heel Slingback Pumps,"https://images.express.com/is/image/expressfashion/0095_00316844_1869_a001?cache=on&wid=960&fmt=jpeg&qlt=85,1&resmode=sharp2&op_usm=1,1,5,0&defaultImage=Photo-Coming-Soon",https://www.express.com/clothing/women/faux-suede-comma-heel-slingback-pumps/pro/00316844//color/Ruby,Insta Baddie / Y2K,"True Summer, Light Summer","Smart Casual, Date",Dramatic Classic,30,0,fdBlGgV0g0ZKxNG9AwglS7m0zvM2
Mixed Cable Stitch Sweater,https://anninc.scene7.com/is/image/AN/594538_6328?$fullBplp2x$,https://www.anntaylor.com/mixed-cable-stitch-sweater/594538,Academia / Preppy,"Bright Winter, Dark Winter","Smart Casual, Office",Soft Classic,17,0,fdBlGgV0g0ZKxNG9AwglS7m0zvM2
Checked Peacoat,https://anninc.scene7.com/is/image/AN/593169_6374?$fullBplp2x$,https://www.anntaylor.com/checked-peacoat/593169,Academia / Preppy,"Bright Winter, Dark Winter","Smart Casual, Office",Soft Classic,3,0,fdBlGgV0g0ZKxNG9AwglS7m0zvM2
Peplum Sweater,https://anninc.scene7.com/is/image/AN/594486_6374?$fullBplp2x$,https://www.anntaylor.com/peplum-sweater-/594486,Soft / VSCO,"Soft Summer, Light Summer","Smart Casual, Office",Soft Classic,17,0,fdBlGgV0g0ZKxNG9AwglS7m0zvM2
The High Waist Belted Boot Cut Pant,https://anninc.scene7.com/is/image/AN/593946_5389?$fullBplp$,https://www.anntaylor.com/the-high-waist-belted-boot-cut-pant/593946,Soft / VSCO,"Soft Summer, Light Summer","Smart Casual, Office",Soft Classic,37,0,fdBlGgV0g0ZKxNG9AwglS7m0zvM2
Shawl Collar Wrap Top,https://anninc.scene7.com/is/image/AN/594938_2222?$fullBplp$,https://www.anntaylor.com/shawl-collar-wrap-top/594938,Academia / Preppy,"Bright Winter, Dark Winter","Smart Casual, Office",Soft Classic,19,0,fdBlGgV0g0ZKxNG9AwglS7m0zvM2
Tweed Stripe Mock Neck Top,https://anninc.scene7.com/is/image/AN/598406_6901?$fullBplp$,https://www.anntaylor.com/tweed-stripe-mock-neck-top/598406,Soft / VSCO,"Soft Autumn, Light Spring","Smart Casual, Office",Soft Classic,13,0,fdBlGgV0g0ZKxNG9AwglS7m0zvM2
Ruffle Neck Shirred Blouse,https://anninc.scene7.com/is/image/AN/593527_9192?$fullBplp$,https://www.anntaylor.com/ruffle-neck-shirred-blouse/593527,Academia / Preppy,"Bright Winter, Dark Winter","Smart Casual, Office",Soft Classic,47,0,fdBlGgV0g0ZKxNG9AwglS7m0zvM2
High Rise Belted Trouser Jeans in Bright Medium Stone Wash,https://anninc.scene7.com/is/image/AN/593205_2445?$fullBplp$,https://www.anntaylor.com/high-rise-belted-trouser-jeans-in-bright-medium-stone-wash/593205,Academia / Preppy,"Bright Winter, Dark Winter","Smart Casual, Office",Soft Classic,33,0,fdBlGgV0g0ZKxNG9AwglS7m0zvM2
Tie Neck Top,https://anninc.scene7.com/is/image/AN/597441_9192?$fullBplp$,https://www.anntaylor.com/tie-neck-top/597441,Academia / Preppy,"Bright Winter, Dark Winter","Smart Casual, Office",Soft Classic,24,0,fdBlGgV0g0ZKxNG9AwglS7m0zvM2
The Greenwich Blazer in Houndstooth,https://anninc.scene7.com/is/image/AN/596336_7165?$fullBplp$,https://www.anntaylor.com/the-greenwich-blazer-in-houndstooth/596336,Soft / VSCO,"Soft Autumn, Light Spring","Smart Casual, Office",Soft Classic,29,0,fdBlGgV0g0ZKxNG9AwglS7m0zvM2
Turtleneck Top,https://anninc.scene7.com/is/image/AN/575884_6374?$fullBplp$,https://www.anntaylor.com/turtleneck-top/575884,Soft / VSCO,"Soft Summer, Light Summer","Smart Casual, Office",Soft Classic,38,0,fdBlGgV0g0ZKxNG9AwglS7m0zvM2
ODEON JEANS,"https://media.cdn-rouje.com/cdn-cgi/image/width=938,height=1407,quality=66,v=7,f=auto/media/catalog/product/o/d/odeon-uninoirstonesimple-1.jpg",https://www.rouje.com/odeon-jeans-noir-stone-simple.html,Norm-core,"True Winter, Dark Winter","Casual, Date",Soft Classic,32,0,fdBlGgV0g0ZKxNG9AwglS7m0zvM2
State Of Grace Fit And Flare Dress,https://cdn.shopify.com/s/files/1/0559/0604/2027/products/6418fde56cc93d1418348de6fe339a83_1826x.jpg?v=1643147238,https://modcloth.com/collections/best-sellers/products/plaid-fit-and-flare-c80011,Indie,"True Winter, Dark Winter","Cocktail, Holiday",Flamboyant Gamine,18,0,fdBlGgV0g0ZKxNG9AwglS7m0zvM2
Set For The Solstice Coat,https://cdn.shopify.com/s/files/1/0559/0604/2027/products/adb0c077ffc86d80a059c0096d25e1bb_1826x.jpg?v=1662076642,https://modcloth.com/collections/best-sellers/products/set-for-the-solstice-coat-c80006,Artsy,"True Autumn, Soft Autumn","Smart Casual, Holiday",Flamboyant Gamine,8,0,fdBlGgV0g0ZKxNG9AwglS7m0zvM2
Sabrina 6G Lace Up,https://cdn.shopify.com/s/files/1/0559/0604/2027/products/71903_tan_l_1826x.jpg?v=1656114999,https://modcloth.com/collections/best-sellers/products/sabrina-6g-lace-up-3471903-71903-tan,Indie,"True Autumn, Soft Autumn","Casual, Festival",Flamboyant Gamine,23,0,fdBlGgV0g0ZKxNG9AwglS7m0zvM2
Sabrina 6G Lace Up,https://cdn.shopify.com/s/files/1/0559/0604/2027/products/71903_dark_brown_l_1826x.jpg?v=1656114999,https://modcloth.com/collections/best-sellers/products/sabrina-6g-lace-up-3471903-71903-dark-brown,Indie,"True Autumn, Dark Autumn","Casual, Festival",Flamboyant Gamine,20,0,fdBlGgV0g0ZKxNG9AwglS7m0zvM2
Sabrina 6G Lace Up,https://cdn.shopify.com/s/files/1/0559/0604/2027/products/77029_black_l_1826x.jpg?v=1656114998,https://modcloth.com/collections/best-sellers/products/sabrina-6g-lace-up-3477029-77029-black,Artsy,"True Winter, Dark Winter","Casual, Festival",Flamboyant Gamine,11,0,fdBlGgV0g0ZKxNG9AwglS7m0zvM2
ModCloth x Collectif Black Cat Celebration Swing Dress,https://cdn.shopify.com/s/files/1/0559/0604/2027/products/204085_PRP_4_1826x.jpg?v=1654063438,https://modcloth.com/collections/best-sellers/products/modcloth-x-collectif-black-cat-celebration-swing-dress-prp,Indie,"True Winter, Bright Winter","Casual, Festival",Flamboyant Gamine,28,0,fdBlGgV0g0ZKxNG9AwglS7m0zvM2
ModCloth x Collectif Oh So Fearful and Bright Swing Dress,https://cdn.shopify.com/s/files/1/0559/0604/2027/products/220707_Halloween_13197_1826x.jpg?v=1660712518,https://modcloth.com/collections/best-sellers/products/modcloth-x-collectif-oh-so-fearful-and-bright-swing-dress-lav,Artsy,"True Winter, Bright Winter","Casual, Festival",Flamboyant Gamine,11,0,fdBlGgV0g0ZKxNG9AwglS7m0zvM2
Whispers Soft and Sweet Velvet Jumper,https://cdn.shopify.com/s/files/1/0559/0604/2027/products/8c96ee5718b1c04e92ae006b505c5e83_1826x.jpg?v=1662076642,https://modcloth.com/collections/best-sellers/products/whispers-soft-and-sweet-velvet-jumper-cb0001,Indie,"True Winter, Dark Winter","Casual, Festival",Flamboyant Gamine,3,0,fdBlGgV0g0ZKxNG9AwglS7m0zvM2
Wrapped In Elegance Velvet Midi Dress,https://cdn.shopify.com/s/files/1/0559/0604/2027/products/7df1bc021e17a7b688ae751d27e467ea_1826x.jpg?v=1662076642,https://modcloth.com/collections/best-sellers/products/wrapped-in-elegance-velvet-midi-dress-cb0001,Artsy,"True Winter, Dark Winter","Casual, Festival",Flamboyant Gamine,26,0,fdBlGgV0g0ZKxNG9AwglS7m0zvM2
Wrapped In Elegance Velvet Midi Dress,https://cdn.shopify.com/s/files/1/0559/0604/2027/products/422b7055b3899048c73bb44b48b4122f_1826x.jpg?v=1662076643,https://modcloth.com/collections/best-sellers/products/wrapped-in-elegance-velvet-midi-dress-c50010,Indie,"True Winter, Dark Winter","Casual, Festival",Flamboyant Gamine,25,0,fdBlGgV0g0ZKxNG9AwglS7m0zvM2
Camp Director Weekend Bag,https://cdn.shopify.com/s/files/1/0559/0604/2027/products/bfd5687dafd644be9dc20bbb4c5f44eb_1826x.jpg?v=1618520891,https://modcloth.com/collections/best-sellers/products/camp-director-weekend-bag-brown,Artsy,"True Autumn, Soft Autumn","Casual, Festival",Flamboyant Gamine,7,0,fdBlGgV0g0ZKxNG9AwglS7m0zvM2
Camp Director Zipped Tote,https://cdn.shopify.com/s/files/1/0559/0604/2027/products/d5c6d1b3a375d90c123a7040d0bba743_1826x.jpg?v=1618520948,https://modcloth.com/collections/best-sellers/products/camp-director-zipped-tote-tan,Indie,"True Autumn, Soft Autumn","Casual, Festival",Flamboyant Gamine,3,0,fdBlGgV0g0ZKxNG9AwglS7m0zvM2
Dream a Little Dream Of 'Tweed' Coat,https://cdn.shopify.com/s/files/1/0559/0604/2027/products/51f4cec1e562a3064238181279ab3e8a_1826x.jpg?v=1643925832,https://modcloth.com/collections/best-sellers/products/dream-a-little-dream-of-tweed-coat-c60013,Artsy,"True Winter, Bright Winter","Casual, Festival",Flamboyant Gamine,35,0,fdBlGgV0g0ZKxNG9AwglS7m0zvM2
Deep Sea Voyage Shirt Dress,https://cdn.shopify.com/s/files/1/0559/0604/2027/products/a523cd178aeed6ac7c6b8e90fe31ea66_1826x.jpg?v=1660847398,https://modcloth.com/collections/best-sellers/products/deep-sea-voyage-shirt-dress-blk,Artsy,"True Winter, Dark Winter","Casual, Festival",Flamboyant Gamine,14,0,fdBlGgV0g0ZKxNG9AwglS7m0zvM2
Tailored jacket,https://us.sandro-paris.com/dw/image/v2/BCMW_PRD/on/demandware.static/-/Sites-sandro-catalog-master-H13/default/dw4398fde0/images/h13/Sandro_SFPVE00656-6050_V_1.jpg?sw=638&sh=822&sm=fit&cx=224&cy=0&cw=1551&ch=2000,https://us.sandro-paris.com/en/womens/clothing/jackets-blazers/tailored-jacket/SFPVE00656.html?dwvar_SFPVE00656_color=6050,Academia / Preppy,"Bright Spring, Light Spring","Smart Casual, Office","Flamboyant Gamine, Soft Gamine",49,0,fdBlGgV0g0ZKxNG9AwglS7m0zvM2
Knit top with pearl buttons,https://us.sandro-paris.com/dw/image/v2/BCMW_PRD/on/demandware.static/-/Sites-sandro-catalog-master-H13/default/dw7d2e1883/images/h13/Sandro_SFPCA00588-E123_V_1.jpg?sw=638&sh=822&sm=fit&cx=224&cy=0&cw=1551&ch=2000,https://us.sandro-paris.com/en/womens/clothing/tops-shirts/knit-top-with-pearl-buttons/SFPCA00588.html?dwvar_SFPCA00588_color=E123,Soft / VSCO,"Bright Spring, Light Spring","Smart Casual, Office","Flamboyant Gamine, Soft Gamine",17,0,fdBlGgV0g0ZKxNG9AwglS7m0zvM2
Tweed tailored jacket,https://us.sandro-paris.com/dw/image/v2/BCMW_PRD/on/demandware.static/-/Sites-sandro-catalog-master-H13/default/dw3f5051ae/images/h13/Sandro_SFPVE00666-A267_V_1.jpg?sw=638&sh=822&sm=fit&cx=224&cy=0&cw=1551&ch=2000,https://us.sandro-paris.com/en/womens/clothing/jackets-blazers/tweed-tailored-jacket/SFPVE00666.html?dwvar_SFPVE00666_color=A267,Academia / Preppy,"Bright Spring, Soft Autumn","Smart Casual, Office","Flamboyant Gamine, Soft Gamine",32,0,fdBlGgV0g0ZKxNG9AwglS7m0zvM2
Long linen dress,https://us.sandro-paris.com/dw/image/v2/BCMW_PRD/on/demandware.static/-/Sites-sandro-catalog-master-H13/default/dw051b35d6/images/h13/Sandro_SFPRO02398-E119_V_1.jpg?sw=638&sh=822&sm=fit&cx=224&cy=0&cw=1551&ch=2000,https://us.sandro-paris.com/en/womens/clothing/dresses/long-linen-dress/SFPRO02398.html?dwvar_SFPRO02398_color=E119,Artsy,"True Autumn, Dark Autumn","Casual, Festival","Flamboyant Gamine, Soft Gamine",39,0,fdBlGgV0g0ZKxNG9AwglS7m0zvM2
Red Corduroy Jumpsuit,"https://img1.shopcider.com/product/1642068579000-fK4Nnr.jpg?x-oss-process=image/resize,w_700,m_lfit/quality,Q_80/format,webp",https://www.shopcider.com/product/detail?pid=1006943&style_id=107143&gaListId=12&gaListName=Everything&ciderListId=2&ciderListName=Everything&selectSkuIndex=0&moduleTitle=1&shopPage=2&shopIndex=0&navTitle=Everything&navId=12&listSource=wishs%3Bcollection_12%3B2-0-0&listSort=&listId=12&listAttribute=&operationContent=Everything&linkUrl=https%3A%2F%2Fwww.shopcider.com%2Fproduct%2Flist%3Fcollection_id%3D12&operationpageTitle=wishs&operationPosition=2-0-0&operationType=category&productPosition=1&strategyNameList=home_page_feed%3Abase-all_all_everything_reco_0920_algorithm%3Aexp5-ranking_exp1%3Abase-reco_new_user_feed%3Abase-ymal_country_test%3Abase-reco_pipeline_test%3Abase-all_productDetailPipeline_%3Abase-_algorithm%3Abase-pipeline_%3Abase-all_productDetail_ymal_wiw_algorithm%3Abase-all_all_landing_page_0903_algorithm%3Abase-all_productDetailScatter_scatter_param_algorithm%3Abase-all_all_reco_ymal_algorithm%3Aexp1-all_productDetailPipeline_collection_12_algorithm%3Abase-all_productDetailPipeline_you_may_also_like_algorithm%3Abase-all_productDetailPipeline_home_feed_algorithm%3Abase&businessTracking=eyJpdGVtVHlwZSI6MCwibGlzdElkIjoxMiwibGlzdFRpdGxlIjoiRXZlcnl0aGluZyIsImxpc3RUeXBlIjoyLCJtb2R1bGVJZCI6MywibW9kdWxlVHlwZSI6IlJFQ0FMTF9IT1QiLCJzcHUiOjEwMDY5NDMsInNwdUNvZGUiOiJDRDIwMjEwOTE1MTc3MzVKUyIsInN0cmF0ZWd5TmFtZSI6ImhvbWVfcGFnZV9mZWVkOmV4cDUtYWxsX2FsbF9ldmVyeXRoaW5nX3JlY29fMDkyMF9hbGdvcml0aG06ZXhwNy1yYW5raW5nX2V4cDE6ZXhwMi1yZWNvX25ld191c2VyX2ZlZWQ6ZXhwNS15bWFsX2NvdW50cnlfdGVzdDpiYXNlLXJlY29fcGlwZWxpbmVfdGVzdDpiYXNlLWFsbF9wcm9kdWN0RGV0YWlsUGlwZWxpbmVfOmJhc2UtX2FsZ29yaXRobTpiYXNlLXBpcGVsaW5lXzpiYXNlLWFsbF9wcm9kdWN0RGV0YWlsX3ltYWxfd2l3X2FsZ29yaXRobTpiYXNlLWFsbF9hbGxfbGFuZGluZ19wYWdlXzA5MDNfYWxnb3JpdGhtOmV4cDMtYWxsX3Byb2R1Y3REZXRhaWxTY2F0dGVyX3NjYXR0ZXJfcGFyYW1fYWxnb3JpdGhtOmJhc2UtYWxsX2FsbF9yZWNvX3ltYWxfYWxnb3JpdGhtOmV4cDgtYWxsX3Byb2R1Y3REZXRhaWxQaXBlbGluZV9jb2xsZWN0aW9uXzEyX2FsZ29yaXRobTpleHA3LWFsbF9wcm9kdWN0RGV0YWlsUGlwZWxpbmVfeW91X21heV9hbHNvX2xpa2VfYWxnb3JpdGhtOmV4cDctYWxsX3Byb2R1Y3REZXRhaWxQaXBlbGluZV9ob21lX2ZlZWRfYWxnb3JpdGhtOmJhc2UiLCJ0cmFja2luZ0lkIjoiMTEzNzc4MTI5NjkzNDg3MzYifQ%3D%3D&listType=2,Insta Baddie / Y2K,,"Casual, Clubbing","Soft Gamine, Soft Natural",15,0,fdBlGgV0g0ZKxNG9AwglS7m0zvM2
Solid Cargo Jeans,"https://img.shopcider.com/hermes/posting/1659783819000-wewdep.jpeg?x-oss-process=image/resize,w_700,m_lfit/quality,Q_80/format,webp",https://www.shopcider.com/product/detail?pid=1006297&style_id=106387&gaListId=12&gaListName=Everything&ciderListId=2&ciderListName=Everything&selectSkuIndex=0&moduleTitle=1&shopPage=2&shopIndex=1&navTitle=Everything&navId=12&listSource=wishs%3Bcollection_12%3B2-0-0&listSort=&listId=12&listAttribute=&operationContent=Everything&linkUrl=https%3A%2F%2Fwww.shopcider.com%2Fproduct%2Flist%3Fcollection_id%3D12&operationpageTitle=wishs&operationPosition=2-0-0&operationType=category&productPosition=2&strategyNameList=home_page_feed%3Abase-all_all_everything_reco_0920_algorithm%3Aexp5-ranking_exp1%3Abase-reco_new_user_feed%3Abase-ymal_country_test%3Abase-reco_pipeline_test%3Abase-all_productDetailPipeline_%3Abase-_algorithm%3Abase-pipeline_%3Abase-all_productDetail_ymal_wiw_algorithm%3Abase-all_all_landing_page_0903_algorithm%3Abase-all_productDetailScatter_scatter_param_algorithm%3Abase-all_all_reco_ymal_algorithm%3Aexp1-all_productDetailPipeline_collection_12_algorithm%3Abase-all_productDetailPipeline_you_may_also_like_algorithm%3Abase-all_productDetailPipeline_home_feed_algorithm%3Abase&businessTracking=eyJpdGVtVHlwZSI6MCwibGlzdElkIjoxMiwibGlzdFRpdGxlIjoiRXZlcnl0aGluZyIsImxpc3RUeXBlIjoyLCJtb2R1bGVJZCI6MywibW9kdWxlVHlwZSI6IlJFQ0FMTF9IT1QiLCJzcHUiOjEwMDYyOTcsInNwdUNvZGUiOiJDRDIwMjEwOTEzMTY2MzFUUyIsInN0cmF0ZWd5TmFtZSI6ImhvbWVfcGFnZV9mZWVkOmV4cDUtYWxsX2FsbF9ldmVyeXRoaW5nX3JlY29fMDkyMF9hbGdvcml0aG06ZXhwNy1yYW5raW5nX2V4cDE6ZXhwMi1yZWNvX25ld191c2VyX2ZlZWQ6ZXhwNS15bWFsX2NvdW50cnlfdGVzdDpiYXNlLXJlY29fcGlwZWxpbmVfdGVzdDpiYXNlLWFsbF9wcm9kdWN0RGV0YWlsUGlwZWxpbmVfOmJhc2UtX2FsZ29yaXRobTpiYXNlLXBpcGVsaW5lXzpiYXNlLWFsbF9wcm9kdWN0RGV0YWlsX3ltYWxfd2l3X2FsZ29yaXRobTpiYXNlLWFsbF9hbGxfbGFuZGluZ19wYWdlXzA5MDNfYWxnb3JpdGhtOmV4cDMtYWxsX3Byb2R1Y3REZXRhaWxTY2F0dGVyX3NjYXR0ZXJfcGFyYW1fYWxnb3JpdGhtOmJhc2UtYWxsX2FsbF9yZWNvX3ltYWxfYWxnb3JpdGhtOmV4cDgtYWxsX3Byb2R1Y3REZXRhaWxQaXBlbGluZV9jb2xsZWN0aW9uXzEyX2FsZ29yaXRobTpleHA3LWFsbF9wcm9kdWN0RGV0YWlsUGlwZWxpbmVfeW91X21heV9hbHNvX2xpa2VfYWxnb3JpdGhtOmV4cDctYWxsX3Byb2R1Y3REZXRhaWxQaXBlbGluZV9ob21lX2ZlZWRfYWxnb3JpdGhtOmJhc2UiLCJ0cmFja2luZ0lkIjoiMTEzNzc4MTI5NjkzNDg3MzYifQ%3D%3D&listType=2,Insta Baddie / Y2K,,"Casual, Clubbing","Soft Gamine, Soft Natural",35,0,fdBlGgV0g0ZKxNG9AwglS7m0zvM2
Toile de Jouy Bodysuit,"https://img1.shopcider.com/product/1650879956000-CP87H8.jpg?x-oss-process=image/resize,w_700,m_lfit/quality,Q_80/format,webp",https://www.shopcider.com/product/detail?pid=1016873&style_id=116429&gaListId=12&gaListName=Everything&ciderListId=2&ciderListName=Everything&selectSkuIndex=0&moduleTitle=1&shopPage=2&shopIndex=2&navTitle=Everything&navId=12&listSource=wishs%3Bcollection_12%3B2-0-0&listSort=&listId=12&listAttribute=&operationContent=Everything&linkUrl=https%3A%2F%2Fwww.shopcider.com%2Fproduct%2Flist%3Fcollection_id%3D12&operationpageTitle=wishs&operationPosition=2-0-0&operationType=category&productPosition=3&strategyNameList=home_page_feed%3Abase-all_all_everything_reco_0920_algorithm%3Aexp5-ranking_exp1%3Abase-reco_new_user_feed%3Abase-ymal_country_test%3Abase-reco_pipeline_test%3Abase-all_productDetailPipeline_%3Abase-_algorithm%3Abase-pipeline_%3Abase-all_productDetail_ymal_wiw_algorithm%3Abase-all_all_landing_page_0903_algorithm%3Abase-all_productDetailScatter_scatter_param_algorithm%3Abase-all_all_reco_ymal_algorithm%3Aexp1-all_productDetailPipeline_collection_12_algorithm%3Abase-all_productDetailPipeline_you_may_also_like_algorithm%3Abase-all_productDetailPipeline_home_feed_algorithm%3Abase&businessTracking=eyJpdGVtVHlwZSI6MCwibGlzdElkIjoxMiwibGlzdFRpdGxlIjoiRXZlcnl0aGluZyIsImxpc3RUeXBlIjoyLCJtb2R1bGVJZCI6MywibW9kdWxlVHlwZSI6IlJFQ0FMTF9IT1QiLCJzcHUiOjEwMTY4NzMsInNwdUNvZGUiOiJDRDIwMjIwMzIzNzQ3MDZCUyIsInN0cmF0ZWd5TmFtZSI6ImhvbWVfcGFnZV9mZWVkOmV4cDUtYWxsX2FsbF9ldmVyeXRoaW5nX3JlY29fMDkyMF9hbGdvcml0aG06ZXhwNy1yYW5raW5nX2V4cDE6ZXhwMi1yZWNvX25ld191c2VyX2ZlZWQ6ZXhwNS15bWFsX2NvdW50cnlfdGVzdDpiYXNlLXJlY29fcGlwZWxpbmVfdGVzdDpiYXNlLWFsbF9wcm9kdWN0RGV0YWlsUGlwZWxpbmVfOmJhc2UtX2FsZ29yaXRobTpiYXNlLXBpcGVsaW5lXzpiYXNlLWFsbF9wcm9kdWN0RGV0YWlsX3ltYWxfd2l3X2FsZ29yaXRobTpiYXNlLWFsbF9hbGxfbGFuZGluZ19wYWdlXzA5MDNfYWxnb3JpdGhtOmV4cDMtYWxsX3Byb2R1Y3REZXRhaWxTY2F0dGVyX3NjYXR0ZXJfcGFyYW1fYWxnb3JpdGhtOmJhc2UtYWxsX2FsbF9yZWNvX3ltYWxfYWxnb3JpdGhtOmV4cDgtYWxsX3Byb2R1Y3REZXRhaWxQaXBlbGluZV9jb2xsZWN0aW9uXzEyX2FsZ29yaXRobTpleHA3LWFsbF9wcm9kdWN0RGV0YWlsUGlwZWxpbmVfeW91X21heV9hbHNvX2xpa2VfYWxnb3JpdGhtOmV4cDctYWxsX3Byb2R1Y3REZXRhaWxQaXBlbGluZV9ob21lX2ZlZWRfYWxnb3JpdGhtOmJhc2UiLCJ0cmFja2luZ0lkIjoiMTEzNzc4MTI5NjkzNDg3MzYifQ%3D%3D&listType=2,Insta Baddie / Y2K,,"Casual, Clubbing","Soft Gamine, Soft Natural",46,0,fdBlGgV0g0ZKxNG9AwglS7m0zvM2
Denim Drawstring Cargo Pants,"https://img.shopcider.com/hermes/posting/1659784708000-exyre8.jpg?x-oss-process=image/resize,w_700,m_lfit/quality,Q_80/format,webp",https://www.shopcider.com/product/detail?pid=1020018&style_id=119788&gaListId=12&gaListName=Everything&ciderListId=2&ciderListName=Everything&selectSkuIndex=0&moduleTitle=1&shopPage=2&shopIndex=3&navTitle=Everything&navId=12&listSource=wishs%3Bcollection_12%3B2-0-0&listSort=&listId=12&listAttribute=&operationContent=Everything&linkUrl=https%3A%2F%2Fwww.shopcider.com%2Fproduct%2Flist%3Fcollection_id%3D12&operationpageTitle=wishs&operationPosition=2-0-0&operationType=category&productPosition=4&strategyNameList=home_page_feed%3Abase-all_all_everything_reco_0920_algorithm%3Aexp5-ranking_exp1%3Abase-reco_new_user_feed%3Abase-ymal_country_test%3Abase-reco_pipeline_test%3Abase-all_productDetailPipeline_%3Abase-_algorithm%3Abase-pipeline_%3Abase-all_productDetail_ymal_wiw_algorithm%3Abase-all_all_landing_page_0903_algorithm%3Abase-all_productDetailScatter_scatter_param_algorithm%3Abase-all_all_reco_ymal_algorithm%3Aexp1-all_productDetailPipeline_collection_12_algorithm%3Abase-all_productDetailPipeline_you_may_also_like_algorithm%3Abase-all_productDetailPipeline_home_feed_algorithm%3Abase&businessTracking=eyJpdGVtVHlwZSI6MCwibGlzdElkIjoxMiwibGlzdFRpdGxlIjoiRXZlcnl0aGluZyIsImxpc3RUeXBlIjoyLCJtb2R1bGVJZCI6MywibW9kdWxlVHlwZSI6IlJFQ0FMTF9IT1QiLCJzcHUiOjEwMjAwMTgsInNwdUNvZGUiOiJDRDIwMjIwNTI1MTA1ODgxSk4iLCJzdHJhdGVneU5hbWUiOiJob21lX3BhZ2VfZmVlZDpleHA1LWFsbF9hbGxfZXZlcnl0aGluZ19yZWNvXzA5MjBfYWxnb3JpdGhtOmV4cDctcmFua2luZ19leHAxOmV4cDItcmVjb19uZXdfdXNlcl9mZWVkOmV4cDUteW1hbF9jb3VudHJ5X3Rlc3Q6YmFzZS1yZWNvX3BpcGVsaW5lX3Rlc3Q6YmFzZS1hbGxfcHJvZHVjdERldGFpbFBpcGVsaW5lXzpiYXNlLV9hbGdvcml0aG06YmFzZS1waXBlbGluZV86YmFzZS1hbGxfcHJvZHVjdERldGFpbF95bWFsX3dpd19hbGdvcml0aG06YmFzZS1hbGxfYWxsX2xhbmRpbmdfcGFnZV8wOTAzX2FsZ29yaXRobTpleHAzLWFsbF9wcm9kdWN0RGV0YWlsU2NhdHRlcl9zY2F0dGVyX3BhcmFtX2FsZ29yaXRobTpiYXNlLWFsbF9hbGxfcmVjb195bWFsX2FsZ29yaXRobTpleHA4LWFsbF9wcm9kdWN0RGV0YWlsUGlwZWxpbmVfY29sbGVjdGlvbl8xMl9hbGdvcml0aG06ZXhwNy1hbGxfcHJvZHVjdERldGFpbFBpcGVsaW5lX3lvdV9tYXlfYWxzb19saWtlX2FsZ29yaXRobTpleHA3LWFsbF9wcm9kdWN0RGV0YWlsUGlwZWxpbmVfaG9tZV9mZWVkX2FsZ29yaXRobTpiYXNlIiwidHJhY2tpbmdJZCI6IjExMzc3ODEyOTY5MzQ4NzM2In0%3D&listType=2,Insta Baddie / Y2K,,"Casual, Clubbing","Soft Gamine, Soft Natural",13,0,fdBlGgV0g0ZKxNG9AwglS7m0zvM2
Long Sleeve Buckle Top,"https://img1.shopcider.com/product/1638165094000-NYKj8f.jpg?x-oss-process=image/resize,w_700,m_lfit/quality,Q_80/format,webp",https://www.shopcider.com/product/detail?pid=1010835&style_id=111150&gaListId=12&gaListName=Everything&ciderListId=2&ciderListName=Everything&selectSkuIndex=0&moduleTitle=1&shopPage=2&shopIndex=4&navTitle=Everything&navId=12&listSource=wishs%3Bcollection_12%3B2-0-0&listSort=&listId=12&listAttribute=&operationContent=Everything&linkUrl=https%3A%2F%2Fwww.shopcider.com%2Fproduct%2Flist%3Fcollection_id%3D12&operationpageTitle=wishs&operationPosition=2-0-0&operationType=category&productPosition=5&strategyNameList=home_page_feed%3Abase-all_all_everything_reco_0920_algorithm%3Aexp5-ranking_exp1%3Abase-reco_new_user_feed%3Abase-ymal_country_test%3Abase-reco_pipeline_test%3Abase-all_productDetailPipeline_%3Abase-_algorithm%3Abase-pipeline_%3Abase-all_productDetail_ymal_wiw_algorithm%3Abase-all_all_landing_page_0903_algorithm%3Abase-all_productDetailScatter_scatter_param_algorithm%3Abase-all_all_reco_ymal_algorithm%3Aexp1-all_productDetailPipeline_collection_12_algorithm%3Abase-all_productDetailPipeline_you_may_also_like_algorithm%3Abase-all_productDetailPipeline_home_feed_algorithm%3Abase&businessTracking=eyJpdGVtVHlwZSI6MCwibGlzdElkIjoxMiwibGlzdFRpdGxlIjoiRXZlcnl0aGluZyIsImxpc3RUeXBlIjoyLCJtb2R1bGVJZCI6MywibW9kdWxlVHlwZSI6IlJFQ0FMTF9IT1QiLCJzcHUiOjEwMTA4MzUsInNwdUNvZGUiOiJDRDIwMjExMDIwMjg4ODZMVCIsInN0cmF0ZWd5TmFtZSI6ImhvbWVfcGFnZV9mZWVkOmV4cDUtYWxsX2FsbF9ldmVyeXRoaW5nX3JlY29fMDkyMF9hbGdvcml0aG06ZXhwNy1yYW5raW5nX2V4cDE6ZXhwMi1yZWNvX25ld191c2VyX2ZlZWQ6ZXhwNS15bWFsX2NvdW50cnlfdGVzdDpiYXNlLXJlY29fcGlwZWxpbmVfdGVzdDpiYXNlLWFsbF9wcm9kdWN0RGV0YWlsUGlwZWxpbmVfOmJhc2UtX2FsZ29yaXRobTpiYXNlLXBpcGVsaW5lXzpiYXNlLWFsbF9wcm9kdWN0RGV0YWlsX3ltYWxfd2l3X2FsZ29yaXRobTpiYXNlLWFsbF9hbGxfbGFuZGluZ19wYWdlXzA5MDNfYWxnb3JpdGhtOmV4cDMtYWxsX3Byb2R1Y3REZXRhaWxTY2F0dGVyX3NjYXR0ZXJfcGFyYW1fYWxnb3JpdGhtOmJhc2UtYWxsX2FsbF9yZWNvX3ltYWxfYWxnb3JpdGhtOmV4cDgtYWxsX3Byb2R1Y3REZXRhaWxQaXBlbGluZV9jb2xsZWN0aW9uXzEyX2FsZ29yaXRobTpleHA3LWFsbF9wcm9kdWN0RGV0YWlsUGlwZWxpbmVfeW91X21heV9hbHNvX2xpa2VfYWxnb3JpdGhtOmV4cDctYWxsX3Byb2R1Y3REZXRhaWxQaXBlbGluZV9ob21lX2ZlZWRfYWxnb3JpdGhtOmJhc2UiLCJ0cmFja2luZ0lkIjoiMTEzNzc4MTI5NjkzNDg3MzYifQ%3D%3D&listType=2,Insta Baddie / Y2K,,"Casual, Clubbing","Soft Gamine, Soft Natural",12,0,fdBlGgV0g0ZKxNG9AwglS7m0zvM2
Floral & Butterfly Lace Up Tank Top,"https://img1.shopcider.com/product/1649652168000-EPGfdR.jpg?x-oss-process=image/resize,w_700,m_lfit/quality,Q_80/format,webp",https://www.shopcider.com/product/detail?pid=1015833&style_id=115325&gaListId=12&gaListName=Everything&ciderListId=2&ciderListName=Everything&selectSkuIndex=0&moduleTitle=1&shopPage=2&shopIndex=5&navTitle=Everything&navId=12&listSource=wishs%3Bcollection_12%3B2-0-0&listSort=&listId=12&listAttribute=&operationContent=Everything&linkUrl=https%3A%2F%2Fwww.shopcider.com%2Fproduct%2Flist%3Fcollection_id%3D12&operationpageTitle=wishs&operationPosition=2-0-0&operationType=category&productPosition=6&strategyNameList=home_page_feed%3Abase-all_all_everything_reco_0920_algorithm%3Aexp5-ranking_exp1%3Abase-reco_new_user_feed%3Abase-ymal_country_test%3Abase-reco_pipeline_test%3Abase-all_productDetailPipeline_%3Abase-_algorithm%3Abase-pipeline_%3Abase-all_productDetail_ymal_wiw_algorithm%3Abase-all_all_landing_page_0903_algorithm%3Abase-all_productDetailScatter_scatter_param_algorithm%3Abase-all_all_reco_ymal_algorithm%3Aexp1-all_productDetailPipeline_collection_12_algorithm%3Abase-all_productDetailPipeline_you_may_also_like_algorithm%3Abase-all_productDetailPipeline_home_feed_algorithm%3Abase&businessTracking=eyJpdGVtVHlwZSI6MCwibGlzdElkIjoxMiwibGlzdFRpdGxlIjoiRXZlcnl0aGluZyIsImxpc3RUeXBlIjoyLCJtb2R1bGVJZCI6MywibW9kdWxlVHlwZSI6IlJFQ0FMTF9IT1QiLCJzcHUiOjEwMTU4MzMsInNwdUNvZGUiOiJDRDIwMjIwMzE2NzA4MTBTTEIiLCJzdHJhdGVneU5hbWUiOiJob21lX3BhZ2VfZmVlZDpleHA1LWFsbF9hbGxfZXZlcnl0aGluZ19yZWNvXzA5MjBfYWxnb3JpdGhtOmV4cDctcmFua2luZ19leHAxOmV4cDItcmVjb19uZXdfdXNlcl9mZWVkOmV4cDUteW1hbF9jb3VudHJ5X3Rlc3Q6YmFzZS1yZWNvX3BpcGVsaW5lX3Rlc3Q6YmFzZS1hbGxfcHJvZHVjdERldGFpbFBpcGVsaW5lXzpiYXNlLV9hbGdvcml0aG06YmFzZS1waXBlbGluZV86YmFzZS1hbGxfcHJvZHVjdERldGFpbF95bWFsX3dpd19hbGdvcml0aG06YmFzZS1hbGxfYWxsX2xhbmRpbmdfcGFnZV8wOTAzX2FsZ29yaXRobTpleHAzLWFsbF9wcm9kdWN0RGV0YWlsU2NhdHRlcl9zY2F0dGVyX3BhcmFtX2FsZ29yaXRobTpiYXNlLWFsbF9hbGxfcmVjb195bWFsX2FsZ29yaXRobTpleHA4LWFsbF9wcm9kdWN0RGV0YWlsUGlwZWxpbmVfY29sbGVjdGlvbl8xMl9hbGdvcml0aG06ZXhwNy1hbGxfcHJvZHVjdERldGFpbFBpcGVsaW5lX3lvdV9tYXlfYWxzb19saWtlX2FsZ29yaXRobTpleHA3LWFsbF9wcm9kdWN0RGV0YWlsUGlwZWxpbmVfaG9tZV9mZWVkX2FsZ29yaXRobTpiYXNlIiwidHJhY2tpbmdJZCI6IjExMzc3ODEyOTY5MzQ4NzM2In0%3D&listType=2,Cottage-core,,"Casual, Date","Soft Gamine, Soft Natural",27,0,fdBlGgV0g0ZKxNG9AwglS7m0zvM2
Ditsy Floral Corduroy Jumpsuit,"https://img1.shopcider.com/product/1642501538000-5WGDDh.jpg?x-oss-process=image/resize,w_700,m_lfit/quality,Q_80/format,webp",https://www.shopcider.com/product/detail?pid=1011813&style_id=112547&gaListId=12&gaListName=Everything&ciderListId=2&ciderListName=Everything&selectSkuIndex=0&moduleTitle=1&shopPage=2&shopIndex=6&navTitle=Everything&navId=12&listSource=wishs%3Bcollection_12%3B2-0-0&listSort=&listId=12&listAttribute=&operationContent=Everything&linkUrl=https%3A%2F%2Fwww.shopcider.com%2Fproduct%2Flist%3Fcollection_id%3D12&operationpageTitle=wishs&operationPosition=2-0-0&operationType=category&productPosition=7&strategyNameList=home_page_feed%3Abase-all_all_everything_reco_0920_algorithm%3Aexp5-ranking_exp1%3Abase-reco_new_user_feed%3Abase-ymal_country_test%3Abase-reco_pipeline_test%3Abase-all_productDetailPipeline_%3Abase-_algorithm%3Abase-pipeline_%3Abase-all_productDetail_ymal_wiw_algorithm%3Abase-all_all_landing_page_0903_algorithm%3Abase-all_productDetailScatter_scatter_param_algorithm%3Abase-all_all_reco_ymal_algorithm%3Aexp1-all_productDetailPipeline_collection_12_algorithm%3Abase-all_productDetailPipeline_you_may_also_like_algorithm%3Abase-all_productDetailPipeline_home_feed_algorithm%3Abase&businessTracking=eyJpdGVtVHlwZSI6MCwibGlzdElkIjoxMiwibGlzdFRpdGxlIjoiRXZlcnl0aGluZyIsImxpc3RUeXBlIjoyLCJtb2R1bGVJZCI6MywibW9kdWxlVHlwZSI6IlJFQ0FMTF9IT1QiLCJzcHUiOjEwMTE4MTMsInNwdUNvZGUiOiJDRDIwMjExMjE4NTEwOTBKUyIsInN0cmF0ZWd5TmFtZSI6ImhvbWVfcGFnZV9mZWVkOmV4cDUtYWxsX2FsbF9ldmVyeXRoaW5nX3JlY29fMDkyMF9hbGdvcml0aG06ZXhwNy1yYW5raW5nX2V4cDE6ZXhwMi1yZWNvX25ld191c2VyX2ZlZWQ6ZXhwNS15bWFsX2NvdW50cnlfdGVzdDpiYXNlLXJlY29fcGlwZWxpbmVfdGVzdDpiYXNlLWFsbF9wcm9kdWN0RGV0YWlsUGlwZWxpbmVfOmJhc2UtX2FsZ29yaXRobTpiYXNlLXBpcGVsaW5lXzpiYXNlLWFsbF9wcm9kdWN0RGV0YWlsX3ltYWxfd2l3X2FsZ29yaXRobTpiYXNlLWFsbF9hbGxfbGFuZGluZ19wYWdlXzA5MDNfYWxnb3JpdGhtOmV4cDMtYWxsX3Byb2R1Y3REZXRhaWxTY2F0dGVyX3NjYXR0ZXJfcGFyYW1fYWxnb3JpdGhtOmJhc2UtYWxsX2FsbF9yZWNvX3ltYWxfYWxnb3JpdGhtOmV4cDgtYWxsX3Byb2R1Y3REZXRhaWxQaXBlbGluZV9jb2xsZWN0aW9uXzEyX2FsZ29yaXRobTpleHA3LWFsbF9wcm9kdWN0RGV0YWlsUGlwZWxpbmVfeW91X21heV9hbHNvX2xpa2VfYWxnb3JpdGhtOmV4cDctYWxsX3Byb2R1Y3REZXRhaWxQaXBlbGluZV9ob21lX2ZlZWRfYWxnb3JpdGhtOmJhc2UiLCJ0cmFja2luZ0lkIjoiMTEzNzc4MTI5NjkzNDg3MzYifQ%3D%3D&listType=2,Cottage-core,,"Casual, Date","Soft Gamine, Soft Natural",22,0,fdBlGgV0g0ZKxNG9AwglS7m0zvM2
Solid Stitch Straight Leg Trousers,"https://img.shopcider.com/hermes/posting/1659784019000-mfwd6n.jpeg?x-oss-process=image/resize,w_700,m_lfit/quality,Q_80/format,webp",https://www.shopcider.com/product/detail?pid=1015613&style_id=115078&gaListId=12&gaListName=Everything&ciderListId=2&ciderListName=Everything&selectSkuIndex=0&moduleTitle=1&shopPage=2&shopIndex=7&navTitle=Everything&navId=12&listSource=wishs%3Bcollection_12%3B2-0-0&listSort=&listId=12&listAttribute=&operationContent=Everything&linkUrl=https%3A%2F%2Fwww.shopcider.com%2Fproduct%2Flist%3Fcollection_id%3D12&operationpageTitle=wishs&operationPosition=2-0-0&operationType=category&productPosition=8&strategyNameList=home_page_feed%3Abase-all_all_everything_reco_0920_algorithm%3Aexp5-ranking_exp1%3Abase-reco_new_user_feed%3Abase-ymal_country_test%3Abase-reco_pipeline_test%3Abase-all_productDetailPipeline_%3Abase-_algorithm%3Abase-pipeline_%3Abase-all_productDetail_ymal_wiw_algorithm%3Abase-all_all_landing_page_0903_algorithm%3Abase-all_productDetailScatter_scatter_param_algorithm%3Abase-all_all_reco_ymal_algorithm%3Aexp1-all_productDetailPipeline_collection_12_algorithm%3Abase-all_productDetailPipeline_you_may_also_like_algorithm%3Abase-all_productDetailPipeline_home_feed_algorithm%3Abase&businessTracking=eyJpdGVtVHlwZSI6MCwibGlzdElkIjoxMiwibGlzdFRpdGxlIjoiRXZlcnl0aGluZyIsImxpc3RUeXBlIjoyLCJtb2R1bGVJZCI6MywibW9kdWxlVHlwZSI6IlJFQ0FMTF9IT1QiLCJzcHUiOjEwMTU2MTMsInNwdUNvZGUiOiJDRDIwMjIwMzA5Njg3MDJUUyIsInN0cmF0ZWd5TmFtZSI6ImhvbWVfcGFnZV9mZWVkOmV4cDUtYWxsX2FsbF9ldmVyeXRoaW5nX3JlY29fMDkyMF9hbGdvcml0aG06ZXhwNy1yYW5raW5nX2V4cDE6ZXhwMi1yZWNvX25ld191c2VyX2ZlZWQ6ZXhwNS15bWFsX2NvdW50cnlfdGVzdDpiYXNlLXJlY29fcGlwZWxpbmVfdGVzdDpiYXNlLWFsbF9wcm9kdWN0RGV0YWlsUGlwZWxpbmVfOmJhc2UtX2FsZ29yaXRobTpiYXNlLXBpcGVsaW5lXzpiYXNlLWFsbF9wcm9kdWN0RGV0YWlsX3ltYWxfd2l3X2FsZ29yaXRobTpiYXNlLWFsbF9hbGxfbGFuZGluZ19wYWdlXzA5MDNfYWxnb3JpdGhtOmV4cDMtYWxsX3Byb2R1Y3REZXRhaWxTY2F0dGVyX3NjYXR0ZXJfcGFyYW1fYWxnb3JpdGhtOmJhc2UtYWxsX2FsbF9yZWNvX3ltYWxfYWxnb3JpdGhtOmV4cDgtYWxsX3Byb2R1Y3REZXRhaWxQaXBlbGluZV9jb2xsZWN0aW9uXzEyX2FsZ29yaXRobTpleHA3LWFsbF9wcm9kdWN0RGV0YWlsUGlwZWxpbmVfeW91X21heV9hbHNvX2xpa2VfYWxnb3JpdGhtOmV4cDctYWxsX3Byb2R1Y3REZXRhaWxQaXBlbGluZV9ob21lX2ZlZWRfYWxnb3JpdGhtOmJhc2UiLCJ0cmFja2luZ0lkIjoiMTEzNzc4MTI5NjkzNDg3MzYifQ%3D%3D&listType=2,Academia / Preppy,,"Smart Casual, Office","Soft Gamine, Soft Natural",16,0,fdBlGgV0g0ZKxNG9AwglS7m0zvM2
Solid Straight Leg Trousers,"https://img1.shopcider.com/product/1634265837000-Gr2Dp6.jpg?x-oss-process=image/resize,w_700,m_lfit/quality,Q_80/format,webp",https://www.shopcider.com/product/detail?pid=1006717&style_id=106887&gaListId=12&gaListName=Everything&ciderListId=2&ciderListName=Everything&selectSkuIndex=0&moduleTitle=1&shopPage=2&shopIndex=8&navTitle=Everything&navId=12&listSource=wishs%3Bcollection_12%3B2-0-0&listSort=&listId=12&listAttribute=&operationContent=Everything&linkUrl=https%3A%2F%2Fwww.shopcider.com%2Fproduct%2Flist%3Fcollection_id%3D12&operationpageTitle=wishs&operationPosition=2-0-0&operationType=category&productPosition=9&strategyNameList=home_page_feed%3Abase-all_all_everything_reco_0920_algorithm%3Aexp5-ranking_exp1%3Abase-reco_new_user_feed%3Abase-ymal_country_test%3Abase-reco_pipeline_test%3Abase-all_productDetailPipeline_%3Abase-_algorithm%3Abase-pipeline_%3Abase-all_productDetail_ymal_wiw_algorithm%3Abase-all_all_landing_page_0903_algorithm%3Abase-all_productDetailScatter_scatter_param_algorithm%3Abase-all_all_reco_ymal_algorithm%3Aexp1-all_productDetailPipeline_collection_12_algorithm%3Abase-all_productDetailPipeline_you_may_also_like_algorithm%3Abase-all_productDetailPipeline_home_feed_algorithm%3Abase&businessTracking=eyJpdGVtVHlwZSI6MCwibGlzdElkIjoxMiwibGlzdFRpdGxlIjoiRXZlcnl0aGluZyIsImxpc3RUeXBlIjoyLCJtb2R1bGVJZCI6MywibW9kdWxlVHlwZSI6IlJFQ0FMTF9IT1QiLCJzcHUiOjEwMDY3MTcsInNwdUNvZGUiOiJDRDIwMjEwOTAxMTMwNDdUUyIsInN0cmF0ZWd5TmFtZSI6ImhvbWVfcGFnZV9mZWVkOmV4cDUtYWxsX2FsbF9ldmVyeXRoaW5nX3JlY29fMDkyMF9hbGdvcml0aG06ZXhwNy1yYW5raW5nX2V4cDE6ZXhwMi1yZWNvX25ld191c2VyX2ZlZWQ6ZXhwNS15bWFsX2NvdW50cnlfdGVzdDpiYXNlLXJlY29fcGlwZWxpbmVfdGVzdDpiYXNlLWFsbF9wcm9kdWN0RGV0YWlsUGlwZWxpbmVfOmJhc2UtX2FsZ29yaXRobTpiYXNlLXBpcGVsaW5lXzpiYXNlLWFsbF9wcm9kdWN0RGV0YWlsX3ltYWxfd2l3X2FsZ29yaXRobTpiYXNlLWFsbF9hbGxfbGFuZGluZ19wYWdlXzA5MDNfYWxnb3JpdGhtOmV4cDMtYWxsX3Byb2R1Y3REZXRhaWxTY2F0dGVyX3NjYXR0ZXJfcGFyYW1fYWxnb3JpdGhtOmJhc2UtYWxsX2FsbF9yZWNvX3ltYWxfYWxnb3JpdGhtOmV4cDgtYWxsX3Byb2R1Y3REZXRhaWxQaXBlbGluZV9jb2xsZWN0aW9uXzEyX2FsZ29yaXRobTpleHA3LWFsbF9wcm9kdWN0RGV0YWlsUGlwZWxpbmVfeW91X21heV9hbHNvX2xpa2VfYWxnb3JpdGhtOmV4cDctYWxsX3Byb2R1Y3REZXRhaWxQaXBlbGluZV9ob21lX2ZlZWRfYWxnb3JpdGhtOmJhc2UiLCJ0cmFja2luZ0lkIjoiMTEzNzc4MTI5NjkzNDg3MzYifQ%3D%3D&listType=2,Academia / Preppy,,"Smart Casual, Office","Soft Gamine, Soft Natural",14,0,fdBlGgV0g0ZKxNG9AwglS7m0zvM2
Lace Tank Top,"https://img1.shopcider.com/product/1649649131000-8j8A6k.jpg?x-oss-process=image/resize,w_700,m_lfit/quality,Q_80/format,webp",https://www.shopcider.com/product/detail?pid=1016343&style_id=115880&gaListId=12&gaListName=Everything&ciderListId=2&ciderListName=Everything&selectSkuIndex=0&moduleTitle=1&shopPage=2&shopIndex=14&navTitle=Everything&navId=12&listSource=wishs%3Bcollection_12%3B2-0-0&listSort=&listId=12&listAttribute=&operationContent=Everything&linkUrl=https%3A%2F%2Fwww.shopcider.com%2Fproduct%2Flist%3Fcollection_id%3D12&operationpageTitle=wishs&operationPosition=2-0-0&operationType=category&productPosition=15&strategyNameList=home_page_feed%3Abase-all_all_everything_reco_0920_algorithm%3Aexp5-ranking_exp1%3Abase-reco_new_user_feed%3Abase-ymal_country_test%3Abase-reco_pipeline_test%3Abase-all_productDetailPipeline_%3Abase-_algorithm%3Abase-pipeline_%3Abase-all_productDetail_ymal_wiw_algorithm%3Abase-all_all_landing_page_0903_algorithm%3Abase-all_productDetailScatter_scatter_param_algorithm%3Abase-all_all_reco_ymal_algorithm%3Aexp1-all_productDetailPipeline_collection_12_algorithm%3Abase-all_productDetailPipeline_you_may_also_like_algorithm%3Abase-all_productDetailPipeline_home_feed_algorithm%3Abase&businessTracking=eyJpdGVtVHlwZSI6MCwibGlzdElkIjoxMiwibGlzdFRpdGxlIjoiRXZlcnl0aGluZyIsImxpc3RUeXBlIjoyLCJtb2R1bGVJZCI6MywibW9kdWxlVHlwZSI6IlJFQ0FMTF9IT1QiLCJzcHUiOjEwMTYzNDMsInNwdUNvZGUiOiJDRDIwMjIwMzI5NzcwMzZUVCIsInN0cmF0ZWd5TmFtZSI6ImhvbWVfcGFnZV9mZWVkOmJhc2UtYWxsX2FsbF9ldmVyeXRoaW5nX3JlY29fMDkyMF9hbGdvcml0aG06ZXhwNS1yYW5raW5nX2V4cDE6YmFzZS1yZWNvX25ld191c2VyX2ZlZWQ6YmFzZS15bWFsX2NvdW50cnlfdGVzdDpiYXNlLXJlY29fcGlwZWxpbmVfdGVzdDpiYXNlLWFsbF9wcm9kdWN0RGV0YWlsUGlwZWxpbmVfOmJhc2UtX2FsZ29yaXRobTpiYXNlLXBpcGVsaW5lXzpiYXNlLWFsbF9wcm9kdWN0RGV0YWlsX3ltYWxfd2l3X2FsZ29yaXRobTpiYXNlLWFsbF9hbGxfbGFuZGluZ19wYWdlXzA5MDNfYWxnb3JpdGhtOmJhc2UtYWxsX3Byb2R1Y3REZXRhaWxTY2F0dGVyX3NjYXR0ZXJfcGFyYW1fYWxnb3JpdGhtOmJhc2UtYWxsX2FsbF9yZWNvX3ltYWxfYWxnb3JpdGhtOmV4cDEtYWxsX3Byb2R1Y3REZXRhaWxQaXBlbGluZV9jb2xsZWN0aW9uXzEyX2FsZ29yaXRobTpiYXNlLWFsbF9wcm9kdWN0RGV0YWlsUGlwZWxpbmVfeW91X21heV9hbHNvX2xpa2VfYWxnb3JpdGhtOmJhc2UtYWxsX3Byb2R1Y3REZXRhaWxQaXBlbGluZV9ob21lX2ZlZWRfYWxnb3JpdGhtOmJhc2UiLCJ0cmFja2luZ0lkIjoiMTEzNzc4MTMwOTQ3Mzk0NTYifQ%3D%3D&listType=2,Insta Baddie / Y2K,,"Casual, Clubbing","Soft Gamine, Soft Natural",13,0,fdBlGgV0g0ZKxNG9AwglS7m0zvM2
Solid V-Wire Tank Top,"https://img1.shopcider.com/product/1649319522000-ZYAi7Q.jpg?x-oss-process=image/resize,w_700,m_lfit/quality,Q_80/format,webp",https://www.shopcider.com/product/detail?pid=1015614&style_id=115079&gaListId=12&gaListName=Everything&ciderListId=2&ciderListName=Everything&selectSkuIndex=0&moduleTitle=1&shopPage=3&shopIndex=15&navTitle=Everything&navId=12&listSource=wishs%3Bcollection_12%3B2-0-0&listSort=&listId=12&listAttribute=&operationContent=Everything&linkUrl=https%3A%2F%2Fwww.shopcider.com%2Fproduct%2Flist%3Fcollection_id%3D12&operationpageTitle=wishs&operationPosition=2-0-0&operationType=category&productPosition=16&strategyNameList=home_page_feed%3Abase-all_all_everything_reco_0920_algorithm%3Aexp5-ranking_exp1%3Abase-reco_new_user_feed%3Abase-ymal_country_test%3Abase-reco_pipeline_test%3Abase-all_productDetailPipeline_%3Abase-_algorithm%3Abase-pipeline_%3Abase-all_productDetail_ymal_wiw_algorithm%3Abase-all_all_landing_page_0903_algorithm%3Abase-all_productDetailScatter_scatter_param_algorithm%3Abase-all_all_reco_ymal_algorithm%3Aexp1-all_productDetailPipeline_collection_12_algorithm%3Abase-all_productDetailPipeline_you_may_also_like_algorithm%3Abase-all_productDetailPipeline_home_feed_algorithm%3Abase&businessTracking=eyJpdGVtVHlwZSI6MCwibGlzdElkIjoxMiwibGlzdFRpdGxlIjoiRXZlcnl0aGluZyIsImxpc3RUeXBlIjoyLCJtb2R1bGVJZCI6MywibW9kdWxlVHlwZSI6IlJFQ0FMTF9IT1QiLCJzcHUiOjEwMTU2MTQsInNwdUNvZGUiOiJDRDIwMjIwMzA5Njg3MDFUUyIsInN0cmF0ZWd5TmFtZSI6ImhvbWVfcGFnZV9mZWVkOmJhc2UtYWxsX2FsbF9ldmVyeXRoaW5nX3JlY29fMDkyMF9hbGdvcml0aG06ZXhwNS1yYW5raW5nX2V4cDE6YmFzZS1yZWNvX25ld191c2VyX2ZlZWQ6YmFzZS15bWFsX2NvdW50cnlfdGVzdDpiYXNlLXJlY29fcGlwZWxpbmVfdGVzdDpiYXNlLWFsbF9wcm9kdWN0RGV0YWlsUGlwZWxpbmVfOmJhc2UtX2FsZ29yaXRobTpiYXNlLXBpcGVsaW5lXzpiYXNlLWFsbF9wcm9kdWN0RGV0YWlsX3ltYWxfd2l3X2FsZ29yaXRobTpiYXNlLWFsbF9hbGxfbGFuZGluZ19wYWdlXzA5MDNfYWxnb3JpdGhtOmJhc2UtYWxsX3Byb2R1Y3REZXRhaWxTY2F0dGVyX3NjYXR0ZXJfcGFyYW1fYWxnb3JpdGhtOmJhc2UtYWxsX2FsbF9yZWNvX3ltYWxfYWxnb3JpdGhtOmV4cDEtYWxsX3Byb2R1Y3REZXRhaWxQaXBlbGluZV9jb2xsZWN0aW9uXzEyX2FsZ29yaXRobTpiYXNlLWFsbF9wcm9kdWN0RGV0YWlsUGlwZWxpbmVfeW91X21heV9hbHNvX2xpa2VfYWxnb3JpdGhtOmJhc2UtYWxsX3Byb2R1Y3REZXRhaWxQaXBlbGluZV9ob21lX2ZlZWRfYWxnb3JpdGhtOmJhc2UiLCJ0cmFja2luZ0lkIjoiMTEzNzc4MTM0ODg1NjE0NzIifQ%3D%3D&listType=2,Insta Baddie / Y2K,,"Casual, Clubbing","Soft Gamine, Soft Natural",16,0,fdBlGgV0g0ZKxNG9AwglS7m0zvM2
Solid Basic Crop Top,"https://img1.shopcider.com/product/1652518767000-Y8z3Ar.jpg?x-oss-process=image/resize,w_700,m_lfit/quality,Q_80/format,webp",https://www.shopcider.com/product/detail?pid=1016279&style_id=115816&gaListId=12&gaListName=Everything&ciderListId=2&ciderListName=Everything&selectSkuIndex=0&moduleTitle=1&shopPage=3&shopIndex=16&navTitle=Everything&navId=12&listSource=wishs%3Bcollection_12%3B2-0-0&listSort=&listId=12&listAttribute=&operationContent=Everything&linkUrl=https%3A%2F%2Fwww.shopcider.com%2Fproduct%2Flist%3Fcollection_id%3D12&operationpageTitle=wishs&operationPosition=2-0-0&operationType=category&productPosition=17&strategyNameList=home_page_feed%3Abase-all_all_everything_reco_0920_algorithm%3Aexp5-ranking_exp1%3Abase-reco_new_user_feed%3Abase-ymal_country_test%3Abase-reco_pipeline_test%3Abase-all_productDetailPipeline_%3Abase-_algorithm%3Abase-pipeline_%3Abase-all_productDetail_ymal_wiw_algorithm%3Abase-all_all_landing_page_0903_algorithm%3Abase-all_productDetailScatter_scatter_param_algorithm%3Abase-all_all_reco_ymal_algorithm%3Aexp1-all_productDetailPipeline_collection_12_algorithm%3Abase-all_productDetailPipeline_you_may_also_like_algorithm%3Abase-all_productDetailPipeline_home_feed_algorithm%3Abase&businessTracking=eyJpdGVtVHlwZSI6MCwibGlzdElkIjoxMiwibGlzdFRpdGxlIjoiRXZlcnl0aGluZyIsImxpc3RUeXBlIjoyLCJtb2R1bGVJZCI6MywibW9kdWxlVHlwZSI6IlJFQ0FMTF9IT1QiLCJzcHUiOjEwMTYyNzksInNwdUNvZGUiOiJDRDIwMjIwMzIzNzQzNjdUVCIsInN0cmF0ZWd5TmFtZSI6ImhvbWVfcGFnZV9mZWVkOmJhc2UtYWxsX2FsbF9ldmVyeXRoaW5nX3JlY29fMDkyMF9hbGdvcml0aG06ZXhwNS1yYW5raW5nX2V4cDE6YmFzZS1yZWNvX25ld191c2VyX2ZlZWQ6YmFzZS15bWFsX2NvdW50cnlfdGVzdDpiYXNlLXJlY29fcGlwZWxpbmVfdGVzdDpiYXNlLWFsbF9wcm9kdWN0RGV0YWlsUGlwZWxpbmVfOmJhc2UtX2FsZ29yaXRobTpiYXNlLXBpcGVsaW5lXzpiYXNlLWFsbF9wcm9kdWN0RGV0YWlsX3ltYWxfd2l3X2FsZ29yaXRobTpiYXNlLWFsbF9hbGxfbGFuZGluZ19wYWdlXzA5MDNfYWxnb3JpdGhtOmJhc2UtYWxsX3Byb2R1Y3REZXRhaWxTY2F0dGVyX3NjYXR0ZXJfcGFyYW1fYWxnb3JpdGhtOmJhc2UtYWxsX2FsbF9yZWNvX3ltYWxfYWxnb3JpdGhtOmV4cDEtYWxsX3Byb2R1Y3REZXRhaWxQaXBlbGluZV9jb2xsZWN0aW9uXzEyX2FsZ29yaXRobTpiYXNlLWFsbF9wcm9kdWN0RGV0YWlsUGlwZWxpbmVfeW91X21heV9hbHNvX2xpa2VfYWxnb3JpdGhtOmJhc2UtYWxsX3Byb2R1Y3REZXRhaWxQaXBlbGluZV9ob21lX2ZlZWRfYWxnb3JpdGhtOmJhc2UiLCJ0cmFja2luZ0lkIjoiMTEzNzc4MTM0ODg1NjE0NzIifQ%3D%3D&listType=2,Insta Baddie / Y2K,,"Casual, Clubbing","Soft Gamine, Soft Natural",40,0,fdBlGgV0g0ZKxNG9AwglS7m0zvM2
Denim Collar Flare Leg Jumpsuit,"https://img1.shopcider.com/product/1645251445000-ZYnjhP.jpg?x-oss-process=image/resize,w_700,m_lfit/quality,Q_80/format,webp",https://www.shopcider.com/product/detail?pid=1013118&style_id=113100&gaListId=12&gaListName=Everything&ciderListId=2&ciderListName=Everything&selectSkuIndex=0&moduleTitle=1&shopPage=3&shopIndex=17&navTitle=Everything&navId=12&listSource=wishs%3Bcollection_12%3B2-0-0&listSort=&listId=12&listAttribute=&operationContent=Everything&linkUrl=https%3A%2F%2Fwww.shopcider.com%2Fproduct%2Flist%3Fcollection_id%3D12&operationpageTitle=wishs&operationPosition=2-0-0&operationType=category&productPosition=18&strategyNameList=home_page_feed%3Abase-all_all_everything_reco_0920_algorithm%3Aexp5-ranking_exp1%3Abase-reco_new_user_feed%3Abase-ymal_country_test%3Abase-reco_pipeline_test%3Abase-all_productDetailPipeline_%3Abase-_algorithm%3Abase-pipeline_%3Abase-all_productDetail_ymal_wiw_algorithm%3Abase-all_all_landing_page_0903_algorithm%3Abase-all_productDetailScatter_scatter_param_algorithm%3Abase-all_all_reco_ymal_algorithm%3Aexp1-all_productDetailPipeline_collection_12_algorithm%3Abase-all_productDetailPipeline_you_may_also_like_algorithm%3Abase-all_productDetailPipeline_home_feed_algorithm%3Abase&businessTracking=eyJpdGVtVHlwZSI6MCwibGlzdElkIjoxMiwibGlzdFRpdGxlIjoiRXZlcnl0aGluZyIsImxpc3RUeXBlIjoyLCJtb2R1bGVJZCI6MywibW9kdWxlVHlwZSI6IlJFQ0FMTF9IT1QiLCJzcHUiOjEwMTMxMTgsInNwdUNvZGUiOiJDRDIwMjExMjIxNTE2ODNKUyIsInN0cmF0ZWd5TmFtZSI6ImhvbWVfcGFnZV9mZWVkOmJhc2UtYWxsX2FsbF9ldmVyeXRoaW5nX3JlY29fMDkyMF9hbGdvcml0aG06ZXhwNS1yYW5raW5nX2V4cDE6YmFzZS1yZWNvX25ld191c2VyX2ZlZWQ6YmFzZS15bWFsX2NvdW50cnlfdGVzdDpiYXNlLXJlY29fcGlwZWxpbmVfdGVzdDpiYXNlLWFsbF9wcm9kdWN0RGV0YWlsUGlwZWxpbmVfOmJhc2UtX2FsZ29yaXRobTpiYXNlLXBpcGVsaW5lXzpiYXNlLWFsbF9wcm9kdWN0RGV0YWlsX3ltYWxfd2l3X2FsZ29yaXRobTpiYXNlLWFsbF9hbGxfbGFuZGluZ19wYWdlXzA5MDNfYWxnb3JpdGhtOmJhc2UtYWxsX3Byb2R1Y3REZXRhaWxTY2F0dGVyX3NjYXR0ZXJfcGFyYW1fYWxnb3JpdGhtOmJhc2UtYWxsX2FsbF9yZWNvX3ltYWxfYWxnb3JpdGhtOmV4cDEtYWxsX3Byb2R1Y3REZXRhaWxQaXBlbGluZV9jb2xsZWN0aW9uXzEyX2FsZ29yaXRobTpiYXNlLWFsbF9wcm9kdWN0RGV0YWlsUGlwZWxpbmVfeW91X21heV9hbHNvX2xpa2VfYWxnb3JpdGhtOmJhc2UtYWxsX3Byb2R1Y3REZXRhaWxQaXBlbGluZV9ob21lX2ZlZWRfYWxnb3JpdGhtOmJhc2UiLCJ0cmFja2luZ0lkIjoiMTEzNzc4MTM0ODg1NjE0NzIifQ%3D%3D&listType=2,Academia / Preppy,,"Smart Casual, Office","Dramatic, Soft Dramatic",16,0,fdBlGgV0g0ZKxNG9AwglS7m0zvM2
Kallan Knit Dress - Black,https://cdn.shopify.com/s/files/1/0293/9277/products/KallanKnitDress-Black_MER_360x.jpg?v=1585952726,https://www.fashionnova.com/products/kallan-knit-dress-black,Insta Baddie / Y2K,"True Winter, Dark Winter","Cocktail, Clubbing",Theatrical Romantic,36,0,fdBlGgV0g0ZKxNG9AwglS7m0zvM2
First And Last Midi Dress - Hunter,https://cdn.shopify.com/s/files/1/0293/9277/products/07-28-22Studio4_KJ_KP_11-31-40_23_D11778_Hunter_1373_JB_360x.jpg?v=1659382731,https://www.fashionnova.com/products/first-and-last-midi-dress-hunter,Insta Baddie / Y2K,"True Winter, Dark Winter","Cocktail, Clubbing",Theatrical Romantic,16,0,fdBlGgV0g0ZKxNG9AwglS7m0zvM2
First And Last Midi Dress - Neon Fuchsia,https://cdn.shopify.com/s/files/1/0293/9277/products/05-27-21Studio2_RT_KP_10-51-04_19_D11778_NeonFuchsia_0955_RG_360x.jpg?v=1622586166,https://www.fashionnova.com/products/first-and-last-midi-dress-neon-fuchsia,Insta Baddie / Y2K,"True Winter, Bright Winter","Cocktail, Clubbing",Theatrical Romantic,50,0,fdBlGgV0g0ZKxNG9AwglS7m0zvM2
Amber Snatched Jumpsuit - Black,https://cdn.shopify.com/s/files/1/0293/9277/products/AmberSnatchedJumpsuit-Black_MER_360x.jpg?v=1642095093,https://www.fashionnova.com/products/amber-snatched-jumpsuit-black,Insta Baddie / Y2K,"True Winter, Dark Winter","Smart Casual, Office",Theatrical Romantic,27,0,fdBlGgV0g0ZKxNG9AwglS7m0zvM2
Crop It Out Jacket - Medium,https://cdn.shopify.com/s/files/1/0293/9277/products/02-15-22Studio4_RM_KG_15-10-22_51_PH9082_MediumBlueWash_P_3438_SG_360x.jpg?v=1645053386,https://www.fashionnova.com/products/crop-it-out-jacket-medium,Insta Baddie / Y2K,"True Winter, Bright Winter","Cocktail, Clubbing",Theatrical Romantic,13,0,fdBlGgV0g0ZKxNG9AwglS7m0zvM2
Recycled Pintuck Flare Jeans - Medium Blue Wash,https://cdn.shopify.com/s/files/1/0293/9277/products/11-17-21Studio1_KJ_KP_14-17-52_49_15797HRBF21_MediumBlueWash_0822_KS_360x.jpg?v=1637607002,https://www.fashionnova.com/products/recycled-pintuck-flare-jeans-medium-blue-wash,Insta Baddie / Y2K,"True Summer, Light Summer","Casual, Clubbing",Theatrical Romantic,19,0,fdBlGgV0g0ZKxNG9AwglS7m0zvM2
Warm Wishes Dress Set - Black,https://cdn.shopify.com/s/files/1/0293/9277/products/WarmWishesDressSet-Black2_MER_360x.jpg?v=1637342186,https://www.fashionnova.com/products/warm-wishes-dress-set-black,Insta Baddie / Y2K,"True Winter, Dark Winter","Cocktail, Clubbing",Theatrical Romantic,4,0,fdBlGgV0g0ZKxNG9AwglS7m0zvM2
Taryn Sweater Midi Dress - Burgundy,https://cdn.shopify.com/s/files/1/0293/9277/products/08-20-20Studio1_JP_DJ_13-57-28_22_D11051FN_Burgundy_3718_NT_360x.jpg?v=1597964280,https://www.fashionnova.com/products/taryn-sweater-midi-dress-burgundy,Insta Baddie / Y2K,"True Winter, Dark Winter","Smart Casual, Office",Theatrical Romantic,7,0,fdBlGgV0g0ZKxNG9AwglS7m0zvM2
Perfect Fantasy Ivory Sheer Embroidered Bodysuit,https://www.lulus.com/images/product/xlarge/8776401_1756136.jpg?w=394&hdpi=1,https://www.lulus.com/products/perfect-fantasy-ivory-sheer-embroidered-bodysuit/1756136.html,Insta Baddie / Y2K,"True Winter, Dark Winter","Casual, Date","Theatrical Romantic, Romantic",9,0,fdBlGgV0g0ZKxNG9AwglS7m0zvM2
Catch Me Later Black Cross-Front Cutout Halter Bodysuit,https://www.lulus.com/images/product/xlarge/8472581_1752816.jpg?w=394&hdpi=1,https://www.lulus.com/products/catch-me-later-black-cross-front-cutout-halter-bodysuit/1752816.html,Goth / Grunge / Punk,"True Winter, Dark Winter","Casual, Date","Theatrical Romantic, Romantic",7,0,fdBlGgV0g0ZKxNG9AwglS7m0zvM2
Everyday Outings Beige Paper Bag Shorts,https://www.lulus.com/images/product/xlarge/8779041_1751916.jpg?w=394&hdpi=1,https://www.lulus.com/products/everyday-outings-beige-paper-bag-shorts/1751916.html,Soft / VSCO,"True Autumn, Soft Autumn","Casual, Date","Theatrical Romantic, Romantic",29,0,fdBlGgV0g0ZKxNG9AwglS7m0zvM2
Love Like Yours Light Orange Textured Empire Waist Mini Dress,https://www.lulus.com/images/product/xlarge/8704081_1744836.jpg?w=394&hdpi=1,https://www.lulus.com/products/love-like-yours-light-orange-textured-empire-waist-mini-dress/1744836.html,Insta Baddie / Y2K,"True Winter, Dark Winter","Casual, Date","Theatrical Romantic, Romantic",26,0,fdBlGgV0g0ZKxNG9AwglS7m0zvM2
Side of Glam Rose Gold Sequin One-Shoulder Tulip Mini Dress,https://www.lulus.com/images/product/xlarge/8474101_1721176.jpg?w=394&hdpi=1,https://www.lulus.com/products/side-of-glam-rose-gold-sequin-one-shoulder-tulip-mini-dress/1721176.html,Soft / VSCO,"Bright Spring, Bright Winter","Cocktail, Holiday","Theatrical Romantic, Romantic",26,0,fdBlGgV0g0ZKxNG9AwglS7m0zvM2
Welcome Back Black Satin Tie-Back Button-Up Crop Top,https://www.lulus.com/images/product/xlarge/8092461_1606796.jpg?w=394&hdpi=1,https://www.lulus.com/products/welcome-back-black-satin-tie-back-button-up-crop-top/1606796.html,Goth / Grunge / Punk,"True Winter, Dark Winter","Casual, Date","Theatrical Romantic, Romantic",14,0,fdBlGgV0g0ZKxNG9AwglS7m0zvM2
Shine for the Night Silver Metallic Bustier Pleated Maxi Dress,https://www.lulus.com/images/product/xlarge/7816881_1582816.jpg?w=394&hdpi=1,https://www.lulus.com/products/shine-for-the-night-silver-metallic-bustier-pleated-maxi-dress/1582816.html,Insta Baddie / Y2K,"True Winter, Bright Winter","Cocktail, Black Tie","Theatrical Romantic, Romantic",10,0,fdBlGgV0g0ZKxNG9AwglS7m0zvM2
Luisa Jersey Rose Buds Print Dress,https://luisabeccaria.it/wp-content/uploads/2022/07/beccaria-14febbraio-113_clipped_rev_1-1582x2366.jpg,https://luisabeccaria.it/shop/ready-to-wear/dresses/luisa-jersey-rose-buds-print-dress/,Cottage-core,"True Winter, Bright Winter","Wedding, Black Tie",Romantic,9,0,fdBlGgV0g0ZKxNG9AwglS7m0zvM2
Pink Printed Rose Buds Jersey Turtleneck,https://luisabeccaria.it/wp-content/uploads/2022/07/beccaria-14febbraio-122-1582x2366.jpg,https://luisabeccaria.it/shop/ready-to-wear/tops-blouses/pink-printed-rose-buds-jersey-turtleneck/,Cottage-core,"True Winter, Bright Winter","Wedding, Black Tie",Romantic,3,0,fdBlGgV0g0ZKxNG9AwglS7m0zvM2
Corduroy Skirt 3 Fold,https://luisabeccaria.it/wp-content/uploads/2022/07/beccaria-14febbraio-082-1582x2366.jpg,https://luisabeccaria.it/shop/ready-to-wear/skirts/corduroy-skirt-3-fold/,Cottage-core,"True Winter, Bright Winter","Casual, Date",Romantic,11,0,fdBlGgV0g0ZKxNG9AwglS7m0zvM2
Boucle Lurex Jacket Pearl Embroidered,https://luisabeccaria.it/wp-content/uploads/2022/07/beccaria-14febbraio-155-1582x2366.jpg,https://luisabeccaria.it/shop/ready-to-wear/jackets-coats/boucle-lurex-jacket-pearl-embroidered/,Soft / VSCO,"True Winter, Bright Winter","Smart Casual, Office",Romantic,49,0,fdBlGgV0g0ZKxNG9AwglS7m0zvM2
Wool Circle Of Roses Coat With Matchy Lining,https://luisabeccaria.it/wp-content/uploads/2022/07/beccaria-14febbraio-107-copia-1582x2366.jpg,https://luisabeccaria.it/shop/ready-to-wear/jackets-coats/wool-circle-of-roses-coat-with-matchy-lining/,Soft / VSCO,"True Winter, Bright Winter","Smart Casual, Office",Romantic,43,0,fdBlGgV0g0ZKxNG9AwglS7m0zvM2
Pink Chiffon Crepon Dress,https://luisabeccaria.it/wp-content/uploads/2022/07/beccaria-14febbraio-301-1582x2366.jpg,https://luisabeccaria.it/shop/ready-to-wear/dresses/pink-chiffon-crepon-dress/,Soft / VSCO,"True Winter, Bright Winter","Wedding, Date",Romantic,11,0,fdBlGgV0g0ZKxNG9AwglS7m0zvM2
Wool Circle Of Roses Coat With Lurex,https://luisabeccaria.it/wp-content/uploads/2022/07/beccaria-14febbraio-295-1582x2366.jpg,https://luisabeccaria.it/shop/ready-to-wear/jackets-coats/wool-circle-of-roses-coat-with-lurex/,Cottage-core,"Bright Spring, Soft Autumn","Wedding, Black Tie",Romantic,49,0,fdBlGgV0g0ZKxNG9AwglS7m0zvM2
Circle Of Roses Chiffon Shirt,https://luisabeccaria.it/wp-content/uploads/2022/07/beccaria-14febbraio-246-1582x2366.jpg,https://luisabeccaria.it/shop/ready-to-wear/tops-blouses/circle-of-roses-chiffon-shirt/,Cottage-core,"True Winter, Bright Winter","Wedding, Black Tie",Romantic,16,0,fdBlGgV0g0ZKxNG9AwglS7m0zvM2
Georgette Rose Buds Printed Skirt,https://luisabeccaria.it/wp-content/uploads/2022/07/beccaria-14febbraio-243-1582x2366.jpg,https://luisabeccaria.it/shop/ready-to-wear/skirts/georgette-rose-buds-printed-skirt/,Cottage-core,"True Winter, Bright Winter","Casual, Date",Romantic,28,0,fdBlGgV0g0ZKxNG9AwglS7m0zvM2
Stretch Satin Printed Circle Of Roses Pleated Dress,https://luisabeccaria.it/wp-content/uploads/2022/07/beccaria-14febbraio-259-copia-1582x2366.jpg,https://luisabeccaria.it/shop/ready-to-wear/dresses/stretch-satin-printed-circle-of-roses-pleated-dress/,Cottage-core,"True Winter, Bright Winter","Wedding, Black Tie",Romantic,27,0,fdBlGgV0g0ZKxNG9AwglS7m0zvM2
GHOSTBUSTERS Retro Library Ghost Raglan T-Shirt (unisex),https://cdn.shopify.com/s/files/1/1637/4459/products/Library_Ghost_Womens_3_0884cf9d-20e2-451f-a639-4bd22ac328cb_700x.png?v=1642763437,https://www.michelinepitt.com/collections/frontpage/products/ghostbusters-retro-library-ghost-raglan-tee-unisex,E-person,"Dark Winter, Dark Autumn","Casual, Festival","Romantic, Soft Dramatic",11,0,fdBlGgV0g0ZKxNG9AwglS7m0zvM2
IT Pennywise Georgie Boat Long Sleeve T-Shirt (unisex),https://cdn.shopify.com/s/files/1/1637/4459/products/f6509529-89ee-4dec-8d09-6d1e11560ca0_700x.png?v=1641890124,https://www.michelinepitt.com/collections/frontpage/products/pre-order-it-pennywise-georgie-boat-long-sleeve-tee-unisex,E-person,"Dark Winter, Dark Autumn","Casual, Festival","Romantic, Soft Dramatic",50,0,fdBlGgV0g0ZKxNG9AwglS7m0zvM2
"IT: CHAPTER 2 ""Time to Float"" Sweatshirt (unisex)",https://cdn.shopify.com/s/files/1/1637/4459/products/2e588eb7-ee82-494b-bfba-5bf6aa0310b1_700x.png?v=1641890096,https://www.michelinepitt.com/collections/frontpage/products/pre-order-it-chapter-2-time-to-float-sweatshirt-unisex,E-person,"Dark Winter, Dark Autumn","Casual, Festival","Romantic, Soft Dramatic",4,0,fdBlGgV0g0ZKxNG9AwglS7m0zvM2
"IT: CHAPTER 2 ""Come Home"" Red Tie Dye T-Shirt (unisex)",https://cdn.shopify.com/s/files/1/1637/4459/products/556a5e53-5e1e-49a7-b99f-95e1dd60b14c_700x.png?v=1641889907,https://www.michelinepitt.com/collections/frontpage/products/copy-of-pre-order-it-chapter-2-come-home-red-tie-dye-tee-unisex,E-person,"True Winter, Dark Autumn","Casual, Festival","Romantic, Soft Dramatic",29,0,fdBlGgV0g0ZKxNG9AwglS7m0zvM2
GHOSTBUSTERS Jumpsuit Romper,https://cdn.shopify.com/s/files/1/1637/4459/products/e9584c25-c426-449a-97e0-6e3cec7c6d4d_700x.png?v=1651613724,https://www.michelinepitt.com/collections/frontpage/products/pre-order-ghostbusters-jumpsuit-romper,E-person,"True Autumn, Dark Autumn","Casual, Festival","Romantic, Soft Dramatic",15,0,fdBlGgV0g0ZKxNG9AwglS7m0zvM2
GHOSTBUSTERS Bomber Jacket (Unisex),https://cdn.shopify.com/s/files/1/1637/4459/products/4d8e1331-d1b2-4029-aad1-90632367be18_700x.png?v=1651613641,https://www.michelinepitt.com/collections/frontpage/products/pre-order-ghostbuster-bomber-jacket-unisex,E-person,"True Autumn, Dark Autumn","Casual, Festival","Romantic, Soft Dramatic",3,0,fdBlGgV0g0ZKxNG9AwglS7m0zvM2
GHOSTBUSTERS Slimer Bad Girl 3/4 Sleeve Top in Green,https://cdn.shopify.com/s/files/1/1637/4459/products/c94bcea6-c676-476a-936d-257163e4949b_700x.png?v=1651613640,https://www.michelinepitt.com/collections/frontpage/products/pre-order-ghostbusters-slimer-bad-girl-top-in-green,E-person,"Bright Spring, Light Spring","Casual, Festival","Romantic, Soft Dramatic",49,0,fdBlGgV0g0ZKxNG9AwglS7m0zvM2
GHOSTBUSTERS Maneater Wiggle Dress in Stay Puft Novelty Print,https://cdn.shopify.com/s/files/1/1637/4459/products/ae2034e7-f739-4efb-bb07-105ad63fb002_700x.png?v=1651613823,https://www.michelinepitt.com/collections/frontpage/products/pre-order-ghostbusters-maneater-wiggle-dress-in-stay-puft-novelty-print,E-person,"True Winter, Dark Winter","Casual, Festival","Romantic, Soft Dramatic",21,0,fdBlGgV0g0ZKxNG9AwglS7m0zvM2
GHOSTBUSTERS Maneater Swing Dress in Stay Puft Novelty Print,https://cdn.shopify.com/s/files/1/1637/4459/products/c059297b-fa25-461a-98d0-9e9d0ca5b890_700x.png?v=1651613742,https://www.michelinepitt.com/collections/frontpage/products/pre-order-ghostbusters-maneater-swing-dress-in-stay-puft-novelty-print,E-person,"True Winter, Dark Winter","Casual, Festival","Romantic, Soft Dramatic",50,0,fdBlGgV0g0ZKxNG9AwglS7m0zvM2
Grayson Dress - Black,https://cdna.lystit.com/200/250/tr/photos/bloomingdales/f2d39464/parker-Peach-Multi-Grayson-Embellished-Mini-Dress.jpeg,https://www.lyst.com/clothing/parker-grayson-short-sleeve-collared-plaid-sequin-mini-dress/,Goth / Grunge / Punk,"True Winter, Dark Winter","Cocktail, Black Tie",Theatrical Romantic,8,0,fdBlGgV0g0ZKxNG9AwglS7m0zvM2
Tangia Flutter Sleeve Short Dress - Green,https://cdna.lystit.com/200/250/tr/photos/zappos/2a0297d4/parker-Green-Tangia-Flutter-Sleeve-Short-Dress.jpeg,https://www.lyst.com/clothing/parker-tangia-flutter-sleeve-short-dress-9/,Insta Baddie / Y2K,"True Autumn, Dark Autumn","Casual, Date",Theatrical Romantic,37,0,fdBlGgV0g0ZKxNG9AwglS7m0zvM2
Flapper Beaded Silk Dress - Gray,https://cdna.lystit.com/200/250/tr/photos/2012/09/17/parker-beaded-flapper-dress-product-3-4746399-285171973.jpeg,https://www.lyst.com/clothing/parker-beaded-flapper-dress/,Soft / VSCO,"True Summer, Soft Summer","Cocktail, Black Tie",Theatrical Romantic,28,0,fdBlGgV0g0ZKxNG9AwglS7m0zvM2
Zipper Closure - Pink,https://cdna.lystit.com/200/250/tr/photos/zappos/eff2d2b2/parker-Pink-Zipper-Closure.jpeg,https://www.lyst.com/clothing/parker-b9a6000nch/,Insta Baddie / Y2K,"True Winter, Bright Winter","Cocktail, Black Tie",Theatrical Romantic,6,0,fdBlGgV0g0ZKxNG9AwglS7m0zvM2
Extro & Vert Tall blazer and pants set in sapphire navy velvet,https://images.asos-media.com/groups/extro-vert-tall-blazer-and-pants-set-in-sapphire-navy-velvet/102042-group-1?$n_480w$&wid=476&fit=constrain,https://www.asos.com/us/extro-vert-tall/extro-vert-tall-blazer-and-pants-set-in-sapphire-navy-velvet/grp/102042?clr=navy-velvet&colourWayId=203016107&cid=27108,Academia / Preppy,"True Winter, Dark Winter","Smart Casual, Office",Dramatic,30,0,fdBlGgV0g0ZKxNG9AwglS7m0zvM2
Extro & Vert Tall cropped blazer and pants set in red satin,https://images.asos-media.com/groups/extro-vert-tall-cropped-blazer-and-pants-set-in-red-satin/102041-group-1?$n_480w$&wid=476&fit=constrain,https://www.asos.com/us/extro-vert-tall/extro-vert-tall-cropped-blazer-and-pants-set-in-red-satin/grp/102041?clr=red-satin&colourWayId=203016130&cid=27108,Academia / Preppy,"True Spring, Bright Spring","Smart Casual, Office",Dramatic,19,0,fdBlGgV0g0ZKxNG9AwglS7m0zvM2
Extro & Vert Tall cami wide leg jumpsuit in black sequin,https://images.asos-media.com/products/extro-vert-tall-cami-wide-leg-jumpsuit-in-black-sequin/203016267-1-blacksequin?$n_480w$&wid=476&fit=constrain,https://www.asos.com/us/extro-vert-tall/extro-vert-tall-cami-wide-leg-jumpsuit-in-black-sequin/prd/203016267?clr=black-sequin&colourWayId=203016268&cid=27108,Goth / Grunge / Punk,"True Winter, Dark Winter","Cocktail, Holiday",Dramatic,28,0,fdBlGgV0g0ZKxNG9AwglS7m0zvM2
Extro & Vert Tall bandeau mini dress in emerald velvet,https://images.asos-media.com/products/extro-vert-tall-bandeau-mini-dress-in-emerald-velvet/203016246-1-emeraldvelvet?$n_480w$&wid=476&fit=constrain,https://www.asos.com/us/extro-vert-tall/extro-vert-tall-bandeau-mini-dress-in-emerald-velvet/prd/203016246?clr=emerald-velvet&colourWayId=203016247&cid=27108,Insta Baddie / Y2K,"True Winter, Dark Winter","Cocktail, Holiday",Dramatic,25,0,fdBlGgV0g0ZKxNG9AwglS7m0zvM2
Extro & Vert Tall wide leg pants in black faux leather,https://images.asos-media.com/products/extro-vert-tall-wide-leg-pants-in-black-faux-leather/203016171-1-blackfauxleather?$n_480w$&wid=476&fit=constrain,https://www.asos.com/us/extro-vert-tall/extro-vert-tall-wide-leg-pants-in-black-faux-leather/prd/203016171?clr=black-faux-leather&colourWayId=203016173&cid=27108,Goth / Grunge / Punk,"True Winter, Dark Winter","Smart Casual, Office",Dramatic,38,0,fdBlGgV0g0ZKxNG9AwglS7m0zvM2
Extro & Vert Tall super wide leg pants in red satin - part of a set,https://images.asos-media.com/products/extro-vert-tall-super-wide-leg-pants-in-red-satin-part-of-a-set/203016136-1-redsatin?$n_480w$&wid=476&fit=constrain,https://www.asos.com/us/extro-vert-tall/extro-vert-tall-cropped-blazer-and-pants-set-in-red-satin/grp/102041?clr=red-satin&colourWayId=203016137&cid=27108#203016136,Academia / Preppy,"True Spring, Bright Spring","Smart Casual, Office",Dramatic,12,0,fdBlGgV0g0ZKxNG9AwglS7m0zvM2
Extro & Vert Tall boxy cropped blazer in red satin - part of a set,https://images.asos-media.com/products/extro-vert-tall-boxy-cropped-blazer-in-red-satin-part-of-a-set/203016129-1-redsatin?$n_480w$&wid=476&fit=constrain,https://www.asos.com/us/extro-vert-tall/extro-vert-tall-cropped-blazer-and-pants-set-in-red-satin/grp/102041?clr=red-satin&colourWayId=203016130&cid=27108#203016129,Academia / Preppy,"True Spring, Bright Spring","Smart Casual, Office",Dramatic,40,0,fdBlGgV0g0ZKxNG9AwglS7m0zvM2
Extro & Vert Tall flared pants in sapphire navy velvet - part of a set,https://images.asos-media.com/products/extro-vert-tall-flared-pants-in-sapphire-navy-velvet-part-of-a-set/203016122-1-navyvelvet?$n_480w$&wid=476&fit=constrain,https://www.asos.com/us/extro-vert-tall/extro-vert-tall-blazer-and-pants-set-in-sapphire-navy-velvet/grp/102042?clr=navy-velvet&colourWayId=203016123&cid=27108#203016122,Academia / Preppy,"True Winter, Dark Winter","Smart Casual, Office",Dramatic,48,0,fdBlGgV0g0ZKxNG9AwglS7m0zvM2
Tall faux leather pant in red,https://img.shopstyle-cdn.com/sim/33/53/33536960905ad2f89f47204c1871c6d0_xlarge/topshop-tall-faux-leather-pant-in-red.jpg,"https://www.shopstyle.com/interstitial/loadRetailerProductPage?device=desktop&version=ng5-12.19.0-633311a9&project=shopstyle+web&searchId=b819b584-ddae-4269-9183-f3963a98831f&extra=%7B%22page.name%22:%22browse+products%22,%22page.fromUrl%22:%22/browse/womens-clothes?fts=topshop+tall%2526pageNumber=3%22,%22freeTextSearch%22:true,%22search.categoryId%22:%22544%22,%22clickId%22:%2275524245-8b28-4dc8-924d-c5ee35ab15e9%22,%22ssApplied%22:false,%22index%22:5,%22isWebInterstitial%22:true,%22searchSegment%22:%22WEB%22,%22product.inStock%22:true,%22product.categoryId%22:1140,%22stack%22:%22node%22,%22rebrand%22:true,%22server%22:%22beanstalk%22,%22tests.control.1%22:false,%22tests.clickableAreaDesktop.3%22:%22control%22,%22tests.interstitialDelay.3%22:%22fast%22,%22cashBack.hasTiers%22:false,%22cashBack.currentRate%22:2,%22cashBack.type%22:%22Percent%22%7D&id=914198092",Goth / Grunge / Punk,"True Autumn, Dark Autumn","Casual, Clubbing",Dramatic,4,0,fdBlGgV0g0ZKxNG9AwglS7m0zvM2
Tall floral print v neck jersey tea dress,https://img.shopstyle-cdn.com/sim/c3/d2/c3d284dfb5f30b73f196ea223dd852df_xlarge/topshop-tall-floral-print-v-neck-jersey-tea-dress.jpg,"https://www.shopstyle.com/interstitial/loadRetailerProductPage?device=desktop&version=ng5-12.19.0-633311a9&project=shopstyle+web&searchId=b819b584-ddae-4269-9183-f3963a98831f&extra=%7B%22page.name%22:%22browse+products%22,%22page.fromUrl%22:%22/browse/womens-clothes?fts=topshop+tall%2526pageNumber=3%22,%22freeTextSearch%22:true,%22search.categoryId%22:%22544%22,%22clickId%22:%224aa94c28-99b8-42e7-a8f5-dda863cc7128%22,%22ssApplied%22:false,%22index%22:7,%22isWebInterstitial%22:true,%22searchSegment%22:%22WEB%22,%22product.inStock%22:true,%22product.categoryId%22:1984,%22stack%22:%22node%22,%22rebrand%22:true,%22server%22:%22beanstalk%22,%22tests.control.1%22:false,%22tests.clickableAreaDesktop.3%22:%22control%22,%22tests.interstitialDelay.3%22:%22fast%22,%22cashBack.hasTiers%22:false,%22cashBack.currentRate%22:2,%22cashBack.type%22:%22Percent%22%7D&id=903905243",Cottage-core,"Dark Winter, Bright Winter","Casual, Date",Dramatic,49,0,fdBlGgV0g0ZKxNG9AwglS7m0zvM2
Tall cable knit shorts in cream - part of a set,https://img.shopstyle-cdn.com/sim/33/b5/33b5ad1988a5b454eced87d24548f860_xlarge/topshop-tall-cable-knit-shorts-in-cream-part-of-a-set.jpg,"https://www.shopstyle.com/interstitial/loadRetailerProductPage?device=desktop&version=ng5-12.19.0-633311a9&project=shopstyle+web&searchId=b819b584-ddae-4269-9183-f3963a98831f&extra=%7B%22page.name%22:%22browse+products%22,%22page.fromUrl%22:%22/browse/womens-clothes?fts=topshop+tall%2526pageNumber=3%22,%22freeTextSearch%22:true,%22search.categoryId%22:%22544%22,%22clickId%22:%22f84a5381-aa85-46d5-98b7-e8f36bc8228f%22,%22ssApplied%22:false,%22index%22:9,%22isWebInterstitial%22:true,%22searchSegment%22:%22WEB%22,%22product.inStock%22:true,%22product.categoryId%22:119,%22stack%22:%22node%22,%22rebrand%22:true,%22server%22:%22beanstalk%22,%22tests.control.1%22:false,%22tests.clickableAreaDesktop.3%22:%22control%22,%22tests.interstitialDelay.3%22:%22fast%22,%22cashBack.hasTiers%22:false,%22cashBack.currentRate%22:2,%22cashBack.type%22:%22Percent%22%7D&id=891440635",Soft / VSCO,"Bright Spring, Soft Autumn","Casual, Clubbing",Dramatic,37,0,fdBlGgV0g0ZKxNG9AwglS7m0zvM2
Tall single breasted blazer in black,https://img.shopstyle-cdn.com/sim/2d/dc/2ddc2bbf1c0a564f1971663f8e0fe1dc_xlarge/topshop-tall-single-breasted-blazer-in-black.jpg,"https://www.shopstyle.com/interstitial/loadRetailerProductPage?device=desktop&version=ng5-12.19.0-633311a9&project=shopstyle+web&searchId=b819b584-ddae-4269-9183-f3963a98831f&extra=%7B%22page.name%22:%22browse+products%22,%22page.fromUrl%22:%22/browse/womens-clothes?fts=topshop+tall%2526pageNumber=3%22,%22freeTextSearch%22:true,%22search.categoryId%22:%22544%22,%22clickId%22:%22dd242c6b-881b-48a8-8a11-5febfd434318%22,%22ssApplied%22:false,%22index%22:55,%22isWebInterstitial%22:true,%22searchSegment%22:%22WEB%22,%22product.inStock%22:true,%22product.categoryId%22:53,%22stack%22:%22node%22,%22rebrand%22:true,%22server%22:%22beanstalk%22,%22tests.control.1%22:false,%22tests.clickableAreaDesktop.3%22:%22control%22,%22tests.interstitialDelay.3%22:%22fast%22,%22cashBack.hasTiers%22:false,%22cashBack.currentRate%22:2,%22cashBack.type%22:%22Percent%22%7D&id=922381503",Goth / Grunge / Punk,"True Winter, Dark Winter","Smart Casual, Office",Dramatic,48,0,fdBlGgV0g0ZKxNG9AwglS7m0zvM2
Head / Neck Scarf - Red Floral,https://cdn.shopify.com/s/files/1/1094/6908/products/AddlSummerCollection-02_large.jpg?v=1647885788,https://www.petitestudionyc.com/products/head-neck-scarf-red-floral-1,Cottage-core,"Dark Winter, Soft Summer","Casual, Date",Flamboyant Gamine,31,0,fdBlGgV0g0ZKxNG9AwglS7m0zvM2
Head / Neck Scarf - Blue Floral,https://cdn.shopify.com/s/files/1/1094/6908/products/AddlSummerCollection-07_large.jpg?v=1647886225,https://www.petitestudionyc.com/products/head-neck-scarf-blue-floral-2,Cottage-core,"True Summer, Soft Summer","Casual, Date",Flamboyant Gamine,50,0,fdBlGgV0g0ZKxNG9AwglS7m0zvM2
Scrunchies - Navy Floral,https://cdn.shopify.com/s/files/1/1094/6908/products/2_625284a7-324a-451a-8f73-124bb0df3a1d_large.jpg?v=1643335097,https://www.petitestudionyc.com/products/scrunchies-navy-floral-2,Cottage-core,"Dark Winter, Soft Summer","Casual, Date",Flamboyant Gamine,35,0,fdBlGgV0g0ZKxNG9AwglS7m0zvM2
Scrunchies - Blue Gingham,https://cdn.shopify.com/s/files/1/1094/6908/products/20220120PETITE25709_large.jpg?v=1647226324,https://www.petitestudionyc.com/products/scrunchies-blue-gingham,Soft / VSCO,"True Summer, Soft Summer","Casual, Date",Flamboyant Gamine,8,0,fdBlGgV0g0ZKxNG9AwglS7m0zvM2
Cap Sleeve Faux Leather Jumpsuit,"https://images.express.com/is/image/expressfashion/0094_07927505_0058_f001?cache=on&wid=960&fmt=jpeg&qlt=85,1&resmode=sharp2&op_usm=1,1,5,0&defaultImage=Photo-Coming-Soon",https://www.express.com/clothing/women/cap-sleeve-faux-leather-jumpsuit/pro/07927505//color/Pitch%20Black,Goth / Grunge / Punk,"Dark Winter, Bright Winter","Black Tie, Clubbing",Soft Dramatic,4,0,fdBlGgV0g0ZKxNG9AwglS7m0zvM2
Satin Faux Wrap Bodice Jumpsuit,"https://images.express.com/is/image/expressfashion/0094_07927340_0058_f001?cache=on&wid=960&fmt=jpeg&qlt=85,1&resmode=sharp2&op_usm=1,1,5,0&defaultImage=Photo-Coming-Soon",https://www.express.com/clothing/women/satin-faux-wrap-bodice-jumpsuit/pro/07927340//color/Pitch%20Black,Insta Baddie / Y2K,"Dark Winter, Bright Winter","Black Tie, Cocktail",Soft Dramatic,5,0,fdBlGgV0g0ZKxNG9AwglS7m0zvM2
Square Neck V-Wire Knit Jumpsuit,"https://images.express.com/is/image/expressfashion/0094_07926882_0058_f001?cache=on&wid=960&fmt=jpeg&qlt=85,1&resmode=sharp2&op_usm=1,1,5,0&defaultImage=Photo-Coming-Soon",https://www.express.com/clothing/women/square-neck-v-wire-knit-jumpsuit/pro/07926882//color/Pitch%20Black,Insta Baddie / Y2K,"Dark Winter, Bright Winter","Black Tie, Cocktail",Soft Dramatic,45,0,fdBlGgV0g0ZKxNG9AwglS7m0zvM2
Printed V-Neck Strappy Tiered Ruffle Maxi Dress,"https://images.express.com/is/image/expressfashion/0094_07907477_0024_f001?cache=on&wid=960&fmt=jpeg&qlt=85,1&resmode=sharp2&op_usm=1,1,5,0&defaultImage=Photo-Coming-Soon",https://www.express.com/clothing/women/printed-v-neck-strappy-tiered-ruffle-maxi-dress/pro/07907477//color/Neutral%20Print,Insta Baddie / Y2K,"True Spring, True Autumn","Black Tie, Cocktail",Soft Dramatic,11,0,fdBlGgV0g0ZKxNG9AwglS7m0zvM2
Floral Print Tiered Ruffle Tie Belt Mini Dress,"https://images.express.com/is/image/expressfashion/0094_07907448_0031_f002?cache=on&wid=960&fmt=jpeg&qlt=85,1&resmode=sharp2&op_usm=1,1,5,0&defaultImage=Photo-Coming-Soon",https://www.express.com/clothing/women/floral-print-tiered-ruffle-tie-belt-mini-dress/pro/07907448//color/Print,Insta Baddie / Y2K,"True Autumn, Dark Autumn","Smart Casual, Clubbing",Soft Dramatic,28,0,fdBlGgV0g0ZKxNG9AwglS7m0zvM2
Metallic Floral Ruffle Wrap Front Romper,"https://images.express.com/is/image/expressfashion/0094_07907421_0017_f002?cache=on&wid=960&fmt=jpeg&qlt=85,1&resmode=sharp2&op_usm=1,1,5,0&defaultImage=Photo-Coming-Soon",https://www.express.com/clothing/women/metallic-floral-ruffle-wrap-front-romper/pro/07907421//color/Pink%20Print,Insta Baddie / Y2K,"True Spring, True Autumn","Smart Casual, Date",Soft Dramatic,33,0,fdBlGgV0g0ZKxNG9AwglS7m0zvM2
Floral Ruffle Wrap Front Romper,"https://images.express.com/is/image/expressfashion/0094_07907301_0004_f002?cache=on&wid=960&fmt=jpeg&qlt=85,1&resmode=sharp2&op_usm=1,1,5,0&defaultImage=Photo-Coming-Soon",https://www.express.com/clothing/women/floral-ruffle-wrap-front-romper/pro/07907301//color/Multi,Insta Baddie / Y2K,"Dark Winter, Bright Winter","Smart Casual, Date",Soft Dramatic,2,0,fdBlGgV0g0ZKxNG9AwglS7m0zvM2
Satin Ruffle Hi-Lo Maxi Dress,"https://images.express.com/is/image/expressfashion/0094_07859449_0058_f001?cache=on&wid=960&fmt=jpeg&qlt=85,1&resmode=sharp2&op_usm=1,1,5,0&defaultImage=Photo-Coming-Soon",https://www.express.com/clothing/women/satin-ruffle-hi-lo-maxi-dress/pro/07859449//color/Pitch%20Black,Insta Baddie / Y2K,"Dark Winter, Bright Winter","Black Tie, Cocktail",Soft Dramatic,6,0,fdBlGgV0g0ZKxNG9AwglS7m0zvM2
Satin Floral Print Ruffle Sleeve Maxi Dress,"https://images.express.com/is/image/expressfashion/0094_07857698_0004_f001?cache=on&wid=960&fmt=jpeg&qlt=85,1&resmode=sharp2&op_usm=1,1,5,0&defaultImage=Photo-Coming-Soon",https://www.express.com/clothing/women/satin-floral-print-ruffle-sleeve-maxi-dress/pro/07857698//color/Multi,Insta Baddie / Y2K,"Dark Winter, Bright Winter","Black Tie, Cocktail",Soft Dramatic,41,0,fdBlGgV0g0ZKxNG9AwglS7m0zvM2
Satin Floral Print Ruffle Hi-Lo Maxi Dress,"https://images.express.com/is/image/expressfashion/0094_07857452_0004_f001?cache=on&wid=960&fmt=jpeg&qlt=85,1&resmode=sharp2&op_usm=1,1,5,0&defaultImage=Photo-Coming-Soon",https://www.express.com/clothing/women/satin-floral-print-ruffle-hi-lo-maxi-dress/pro/07857452//color/Multi,Insta Baddie / Y2K,"Dark Winter, Bright Winter","Black Tie, Cocktail",Soft Dramatic,33,0,fdBlGgV0g0ZKxNG9AwglS7m0zvM2
Satin Draped Cowl Neck Midi Sheath Dress,"https://images.express.com/is/image/expressfashion/0094_07857426_0813_f001?cache=on&wid=960&fmt=jpeg&qlt=85,1&resmode=sharp2&op_usm=1,1,5,0&defaultImage=Photo-Coming-Soon",https://www.express.com/clothing/women/satin-draped-cowl-neck-midi-sheath-dress/pro/07857426//color/Navy%20Blue,Insta Baddie / Y2K,"Dark Winter, Bright Winter","Black Tie, Cocktail",Soft Dramatic,23,0,fdBlGgV0g0ZKxNG9AwglS7m0zvM2
Satin High Neck Slip Midi Dress,"https://images.express.com/is/image/expressfashion/0094_07857425_0058_f100?cache=on&wid=960&fmt=jpeg&qlt=85,1&resmode=sharp2&op_usm=1,1,5,0&defaultImage=Photo-Coming-Soon",https://www.express.com/clothing/women/satin-high-neck-slip-midi-dress/pro/07857425//color/Pitch%20Black,Insta Baddie / Y2K,"Dark Winter, Bright Winter","Black Tie, Cocktail",Soft Dramatic,37,0,fdBlGgV0g0ZKxNG9AwglS7m0zvM2
Satin Long Sleeve Cutout Midi Dress,"https://images.express.com/is/image/expressfashion/0094_07857423_0560_c100?cache=on&wid=960&fmt=jpeg&qlt=85,1&resmode=sharp2&op_usm=1,1,5,0&defaultImage=Photo-Coming-Soon",https://www.express.com/clothing/women/satin-long-sleeve-cutout-midi-dress/pro/07857423//color/Mocha,Insta Baddie / Y2K,"True Autumn, Dark Autumn","Black Tie, Cocktail",Soft Dramatic,31,0,fdBlGgV0g0ZKxNG9AwglS7m0zvM2
Metallic Printed Faux Wrap Ruffle Hi-Lo Maxi Dress,"https://images.express.com/is/image/expressfashion/0094_07857414_0030_f001?cache=on&wid=960&fmt=jpeg&qlt=85,1&resmode=sharp2&op_usm=1,1,5,0&defaultImage=Photo-Coming-Soon",https://www.express.com/clothing/women/metallic-printed-faux-wrap-ruffle-hi-lo-maxi-dress/pro/07857414//color/Black%20Print,Insta Baddie / Y2K,"Soft Autumn, Dark Autumn","Black Tie, Cocktail",Soft Dramatic,41,0,fdBlGgV0g0ZKxNG9AwglS7m0zvM2
Textured Faux Wrap Ruffle Hi-Lo Maxi Dress,"https://images.express.com/is/image/expressfashion/0094_07857413_0722_f001?cache=on&wid=960&fmt=jpeg&qlt=85,1&resmode=sharp2&op_usm=1,1,5,0&defaultImage=Photo-Coming-Soon",https://www.express.com/clothing/women/textured-faux-wrap-ruffle-hi-lo-maxi-dress/pro/07857413//color/Venetian%20Teal,Insta Baddie / Y2K,"Soft Autumn, Dark Autumn","Black Tie, Cocktail",Soft Dramatic,34,0,fdBlGgV0g0ZKxNG9AwglS7m0zvM2
Marble Satin High Neck Slip Midi Dress,"https://images.express.com/is/image/expressfashion/0094_07857304_0031_c100?cache=on&wid=960&fmt=jpeg&qlt=85,1&resmode=sharp2&op_usm=1,1,5,0&defaultImage=Photo-Coming-Soon",https://www.express.com/clothing/women/marble-satin-high-neck-slip-midi-dress/pro/07857304//color/Print,Insta Baddie / Y2K,"True Autumn, Dark Autumn","Black Tie, Cocktail",Soft Dramatic,46,0,fdBlGgV0g0ZKxNG9AwglS7m0zvM2
Satin Faux Wrap Tie Waist Hi-Lo Midi Dress,"https://images.express.com/is/image/expressfashion/0094_07853312_0121_f001?cache=on&wid=960&fmt=jpeg&qlt=85,1&resmode=sharp2&op_usm=1,1,5,0&defaultImage=Photo-Coming-Soon",https://www.express.com/clothing/women/satin-faux-wrap-tie-waist-hi-lo-midi-dress/pro/07853312//color/Swan,Insta Baddie / Y2K,"True Spring, True Autumn","Black Tie, Cocktail",Soft Dramatic,12,0,fdBlGgV0g0ZKxNG9AwglS7m0zvM2
Body Contour Floral Print Ruched Open Back Mesh Maxi Dress,"https://images.express.com/is/image/expressfashion/0094_07837509_0030_f001?cache=on&wid=960&fmt=jpeg&qlt=85,1&resmode=sharp2&op_usm=1,1,5,0&defaultImage=Photo-Coming-Soon",https://www.express.com/clothing/women/body-contour-floral-print-ruched-open-back-mesh-maxi-dress/pro/07837509//color/Black%20Print,Insta Baddie / Y2K,"Dark Winter, Bright Winter","Black Tie, Clubbing",Soft Dramatic,25,0,fdBlGgV0g0ZKxNG9AwglS7m0zvM2
Leopard Draped Mock Neck Midi Sheath Dress,"https://images.express.com/is/image/expressfashion/0094_07837507_0031_f001?cache=on&wid=960&fmt=jpeg&qlt=85,1&resmode=sharp2&op_usm=1,1,5,0&defaultImage=Photo-Coming-Soon",https://www.express.com/clothing/women/leopard-draped-mock-neck-midi-sheath-dress/pro/07837507//color/Print,Norm-core,"True Autumn, Dark Autumn","Black Tie, Office",Soft Dramatic,18,0,fdBlGgV0g0ZKxNG9AwglS7m0zvM2
Square Neck Peplum Midi Sheath Dress,"https://images.express.com/is/image/expressfashion/0094_07837439_0058_f001?cache=on&wid=960&fmt=jpeg&qlt=85,1&resmode=sharp2&op_usm=1,1,5,0&defaultImage=Photo-Coming-Soon",https://www.express.com/clothing/women/square-neck-peplum-midi-sheath-dress/pro/07837439//color/Pitch%20Black,Insta Baddie / Y2K,"Dark Winter, Bright Winter","Black Tie, Cocktail",Dramatic Classic,20,0,fdBlGgV0g0ZKxNG9AwglS7m0zvM2
Body Contour Faux Leather Twist Front Midi Dress With Built-In Shapewear,"https://images.express.com/is/image/expressfashion/0094_07837406_0560_c100?cache=on&wid=960&fmt=jpeg&qlt=85,1&resmode=sharp2&op_usm=1,1,5,0&defaultImage=Photo-Coming-Soon",https://www.express.com/clothing/women/body-contour-faux-leather-twist-front-midi-dress-with-built-in-shapewear/pro/07837406//color/Mocha,Goth / Grunge / Punk,"True Autumn, Dark Autumn","Black Tie, Clubbing",Soft Dramatic,14,0,fdBlGgV0g0ZKxNG9AwglS7m0zvM2
Croc Faux Leather Draped Mock Neck Midi Sheath Dress,"https://images.express.com/is/image/expressfashion/0094_07837372_0509_f001?cache=on&wid=960&fmt=jpeg&qlt=85,1&resmode=sharp2&op_usm=1,1,5,0&defaultImage=Photo-Coming-Soon",https://www.express.com/clothing/women/croc-faux-leather-draped-mock-neck-midi-sheath-dress/pro/07837372//color/Espresso,Goth / Grunge / Punk,"True Autumn, Dark Autumn","Black Tie, Clubbing",Soft Dramatic,36,0,fdBlGgV0g0ZKxNG9AwglS7m0zvM2